benchmark,dataset,comp,rational,mem,localmem,coalesced,atomic,transfer,wgsize,F1:transfer/(comp+mem),F2:coalesced/mem,F3:(localmem/mem)*avgws,F4:comp/mem,oracle,runtime,speedup,penalty,runtime_cpu,runtime_gpu
amd-app-sdk-3.0-BinomialOption-binomial_options,default,98,8,13,11,2,0,2048,255,18.45045,0.154,215.769231,7.54,GPU,0.152038,21.65,0.05,3.291073,0.152038
amd-app-sdk-3.0-BitonicSort-bitonicSort,default,12,2,6,0,6,0,131072,256,7281.777778,1,0.0,2,GPU,0.057834,2.11,0.47,0.121940,0.057834
amd-app-sdk-3.0-BlackScholes-blackScholes,default,220,4,3,0,0,0,3145728,256,14106.403587,0,0.0,73.3,GPU,1.997728,3.04,0.33,6.076052,1.997728
amd-app-sdk-3.0-FastWalshTransform-fastWalshTransform,default,8,0,4,0,4,0,4096,256,341.333333,1,0.0,2,GPU,0.062024,2.10,0.48,0.130003,0.062024
amd-app-sdk-3.0-FloydWarshall-floydWarshallPass,default,11,1,5,0,0,0,524288,256,32768.0,0,0.0,2.2,CPU,0.283447,2.13,0.47,0.283447,0.604686
amd-app-sdk-3.0-MatrixMultiplication-mmmKernel,default,163,1,12,0,0,0,49152,64,280.868571,0,0.0,13.6,GPU,0.124211,2.24,0.45,0.277644,0.124211
amd-app-sdk-3.0-MatrixTranspose-matrixTranspose,default,42,0,16,8,2,0,32768,256,564.965517,0.125,128.0,2.62,GPU,0.087846,1.78,0.56,0.156639,0.087846
amd-app-sdk-3.0-PrefixSum-group_prefixSum,default,36,10,12,8,2,0,4096,1024,85.333333,0.167,682.666667,3,GPU,0.049376,9.81,0.10,0.484234,0.049376
amd-app-sdk-3.0-Reduction-reduce,default,6,3,7,4,2,0,8208,256,631.384615,0.286,146.285714,0.857,GPU,0.070912,2.27,0.44,0.161025,0.070912
amd-app-sdk-3.0-ScanLargeArrays-ScanLargeArrays,default,32,3,21,14,4,0,263168,128,4965.433962,0.19,85.333333,1.52,GPU,0.03863,8.70,0.11,0.336185,0.038630
amd-app-sdk-3.0-ScanLargeArrays-blockAddition,default,0,1,4,2,2,0,263168,256,65792.0,0.5,128.0,0,GPU,0.022842,6.45,0.16,0.147294,0.022842
amd-app-sdk-3.0-ScanLargeArrays-prefixSum,default,31,3,19,13,3,0,263168,64,5263.36,0.158,43.789474,1.63,GPU,0.023642,5.51,0.18,0.130323,0.023642
amd-app-sdk-3.0-SimpleConvolution-simpleNonSeparableConvolution,default,9,4,3,0,3,0,4206668,256,350555.666667,1,0.0,3,GPU,2.312966,1.72,0.58,3.979828,2.312966
amd-app-sdk-3.0-SimpleConvolution-simpleSeparableConvolutionPass1,default,9,3,3,0,1,0,4206668,256,350555.666667,0.333,0.0,3,GPU,2.266112,1.42,0.70,3.226918,2.266112
amd-app-sdk-3.0-SimpleConvolution-simpleSeparableConvolutionPass2,default,7,3,3,0,1,0,4206668,256,420666.8,0.333,0.0,2.33,GPU,2.266182,1.44,0.70,3.256935,2.266182
amd-app-sdk-3.0-SobelFilter-sobel_filter,default,31,4,10,0,4,0,2097152,256,51150.04878,0.4,0.0,3.1,GPU,1.580339,2.24,0.45,3.535082,1.580339
npb-3.3-BT-add,A,28,4,2,0,3,0,320454824,62,10681827.466667,1.5,0.0,14,GPU,0.485853,3.87,0.26,1.880737,0.485853
npb-3.3-BT-add,B,28,4,2,0,3,0,1313673512,32,43789117.066667,1.5,0.0,14,GPU,0.92984,7.63,0.13,7.096428,0.929840
npb-3.3-BT-add,S,28,4,2,0,3,0,1807992,60,60266.4,1.5,0.0,14,GPU,0.075764,1.05,0.95,0.079557,0.075764
npb-3.3-BT-add,W,28,4,2,0,3,0,15949464,44,531648.8,1.5,0.0,14,GPU,0.088408,1.64,0.61,0.145375,0.088408
npb-3.3-BT-compute_rhs1,A,127,3,8,0,12,0,320454824,64,2373739.437037,1.5,0.0,15.9,GPU,0.259261,8.06,0.12,2.088552,0.259261
npb-3.3-BT-compute_rhs1,B,127,3,8,0,12,0,1313673512,32,9730914.903704,1.5,0.0,15.9,GPU,0.723952,12.53,0.08,9.072222,0.723952
npb-3.3-BT-compute_rhs1,S,127,3,8,0,12,0,1807992,60,13392.533333,1.5,0.0,15.9,GPU,0.075816,1.09,0.92,0.082590,0.075816
npb-3.3-BT-compute_rhs1,W,127,3,8,0,12,0,15949464,48,118144.177778,1.5,0.0,15.9,GPU,0.081839,2.14,0.47,0.175005,0.081839
npb-3.3-BT-compute_rhs2,A,27,4,2,0,2,0,320454824,64,11050166.344828,1,0.0,13.5,GPU,0.440564,4.67,0.21,2.059176,0.440564
npb-3.3-BT-compute_rhs2,B,27,4,2,0,2,0,1313673512,32,45299086.62069,1,0.0,13.5,GPU,0.744014,10.09,0.10,7.506122,0.744014
npb-3.3-BT-compute_rhs2,S,27,4,2,0,2,0,1807992,60,62344.551724,1,0.0,13.5,GPU,0.075828,1.07,0.93,0.081181,0.075828
npb-3.3-BT-compute_rhs2,W,27,4,2,0,2,0,15949464,48,549981.517241,1,0.0,13.5,GPU,0.089766,1.78,0.56,0.159460,0.089766
npb-3.3-BT-compute_rhs3,A,1257,23,8,0,107,0,320454824,62,253323.971542,13.4,0.0,157,GPU,1.283414,2.23,0.45,2.858859,1.283414
npb-3.3-BT-compute_rhs3,B,1257,23,8,0,107,0,1313673512,32,1038477.084585,13.4,0.0,157,GPU,5.726915,1.99,0.50,11.403199,5.726915
npb-3.3-BT-compute_rhs3,S,1257,23,8,0,107,0,1807992,60,1429.242688,13.4,0.0,157,CPU,0.087732,1.21,0.83,0.087732,0.105745
npb-3.3-BT-compute_rhs3,W,1257,23,8,0,107,0,15949464,44,12608.271937,13.4,0.0,157,GPU,0.136923,1.70,0.59,0.232219,0.136923
npb-3.3-BT-compute_rhs4,A,1257,23,8,0,107,0,320454824,62,253323.971542,13.4,0.0,157,GPU,0.479902,9.19,0.11,4.408179,0.479902
npb-3.3-BT-compute_rhs4,B,1257,23,8,0,107,0,1313673512,32,1038477.084585,13.4,0.0,157,GPU,1.978362,8.50,0.12,16.821722,1.978362
npb-3.3-BT-compute_rhs4,S,1257,23,8,0,107,0,1807992,60,1429.242688,13.4,0.0,157,CPU,0.086125,1.19,0.84,0.086125,0.102470
npb-3.3-BT-compute_rhs4,W,1257,23,8,0,107,0,15949464,44,12608.271937,13.4,0.0,157,GPU,0.128396,1.92,0.52,0.247081,0.128396
npb-3.3-BT-compute_rhs5,A,1260,23,8,0,87,0,320454824,62,252724.624606,10.9,0.0,158,GPU,0.477471,11.32,0.09,5.403192,0.477471
npb-3.3-BT-compute_rhs5,B,1260,23,8,0,87,0,1313673512,32,1036020.119874,10.9,0.0,158,GPU,1.977856,10.74,0.09,21.249054,1.977856
npb-3.3-BT-compute_rhs5,S,1260,23,8,0,87,0,1807992,60,1425.861199,10.9,0.0,158,CPU,0.088327,1.16,0.86,0.088327,0.102498
npb-3.3-BT-compute_rhs5,W,1260,23,8,0,87,0,15949464,44,12578.44164,10.9,0.0,158,GPU,0.12849,2.07,0.48,0.265873,0.128490
npb-3.3-BT-compute_rhs6,A,16,4,1,0,2,0,320454824,62,18850283.764706,2,0.0,16,GPU,0.241985,2.88,0.35,0.697297,0.241985
npb-3.3-BT-compute_rhs6,B,16,4,1,0,2,0,1313673512,32,77274912.470588,2,0.0,16,GPU,0.784433,5.76,0.17,4.517776,0.784433
npb-3.3-BT-compute_rhs6,S,16,4,1,0,2,0,1807992,60,106352.470588,2,0.0,16,GPU,0.075706,1.03,0.97,0.077837,0.075706
npb-3.3-BT-compute_rhs6,W,16,4,1,0,2,0,15949464,44,938203.764706,2,0.0,16,GPU,0.085422,1.43,0.70,0.122144,0.085422
npb-3.3-BT-error_norm,A,52,10,11,8,2,0,320454224,6,5086574.984127,0.182,4.363636,4.73,CPU,1.979033,2.29,0.44,1.979033,4.531341
npb-3.3-BT-error_norm,B,52,10,11,8,2,0,1313673032,10,20851952.888889,0.182,7.272727,4.73,CPU,8.299583,1.36,0.73,8.299583,11.324877
npb-3.3-BT-error_norm,S,52,10,11,8,2,0,1807992,1,28698.285714,0.182,0.727273,4.73,CPU,0.096604,2.18,0.46,0.096604,0.210650
npb-3.3-BT-error_norm,W,52,10,11,8,2,0,15948384,2,253148.952381,0.182,1.454545,4.73,CPU,0.221967,3.24,0.31,0.221967,0.718982
npb-3.3-BT-exact_rhs1,A,12,4,1,0,1,0,320454824,64,24650371.076923,1,0.0,12,GPU,0.21415,23.99,0.04,5.137255,0.214150
npb-3.3-BT-exact_rhs1,B,12,4,1,0,1,0,1313673512,32,101051808.615385,1,0.0,12,GPU,0.642886,43.14,0.02,27.735931,0.642886
npb-3.3-BT-exact_rhs1,S,12,4,1,0,1,0,1807992,60,139076.307692,1,0.0,12,GPU,0.074842,1.80,0.55,0.135086,0.074842
npb-3.3-BT-exact_rhs1,W,12,4,1,0,1,0,15949464,48,1226881.846154,1,0.0,12,GPU,0.087706,2.35,0.43,0.206058,0.087706
npb-3.3-BT-exact_rhs2,A,340,26,5,0,112,0,320454824,62,928854.562319,22.4,0.0,68,GPU,8.97033,1.01,0.99,9.048317,8.970330
npb-3.3-BT-exact_rhs2,B,340,26,5,0,112,0,1313673512,32,3807749.310145,22.4,0.0,68,GPU,41.22279,1.01,0.99,41.526022,41.222790
npb-3.3-BT-exact_rhs2,S,340,26,5,0,112,0,1807992,60,5240.556522,22.4,0.0,68,CPU,0.187816,1.10,0.91,0.187816,0.205766
npb-3.3-BT-exact_rhs2,W,340,26,5,0,112,0,15949464,44,46230.330435,22.4,0.0,68,GPU,0.31719,1.26,0.80,0.398413,0.317190
npb-3.3-BT-exact_rhs3,A,340,26,5,0,112,0,320454224,62,928852.823188,22.4,0.0,68,CPU,5.079986,1.44,0.69,5.079986,7.328640
npb-3.3-BT-exact_rhs3,B,340,26,5,0,112,0,1313673032,32,3807747.918841,22.4,0.0,68,CPU,18.217334,2.01,0.50,18.217334,36.601139
npb-3.3-BT-exact_rhs3,S,340,26,5,0,112,0,1807992,60,5240.556522,22.4,0.0,68,CPU,0.155997,1.26,0.79,0.155997,0.196896
npb-3.3-BT-exact_rhs3,W,340,26,5,0,112,0,15949464,44,46230.330435,22.4,0.0,68,GPU,0.302221,1.24,0.81,0.374360,0.302221
npb-3.3-BT-exact_rhs4,A,340,26,5,0,112,0,320454224,62,928852.823188,22.4,0.0,68,CPU,5.089945,1.48,0.68,5.089945,7.528038
npb-3.3-BT-exact_rhs4,B,340,26,5,0,112,0,1313673032,32,3807747.918841,22.4,0.0,68,CPU,22.05727,1.66,0.60,22.057270,36.606880
npb-3.3-BT-exact_rhs4,S,340,26,5,0,112,0,1807992,60,5240.556522,22.4,0.0,68,CPU,0.155647,1.25,0.80,0.155647,0.194586
npb-3.3-BT-exact_rhs4,W,340,26,5,0,112,0,15949464,44,46230.330435,22.4,0.0,68,GPU,0.298803,1.25,0.80,0.373186,0.298803
npb-3.3-BT-exact_rhs5,A,19,4,1,0,2,0,320454824,62,16022741.2,2,0.0,19,GPU,0.251021,5.45,0.18,1.367634,0.251021
npb-3.3-BT-exact_rhs5,B,19,4,1,0,2,0,1313673512,32,65683675.6,2,0.0,19,GPU,0.856083,5.58,0.18,4.775159,0.856083
npb-3.3-BT-exact_rhs5,S,19,4,1,0,2,0,1807992,60,90399.6,2,0.0,19,GPU,0.075341,1.36,0.74,0.102429,0.075341
npb-3.3-BT-exact_rhs5,W,19,4,1,0,2,0,15949464,44,797473.2,2,0.0,19,GPU,0.087482,1.92,0.52,0.167645,0.087482
npb-3.3-BT-initialize1,A,12,4,1,0,1,0,320454824,64,24650371.076923,1,0.0,12,GPU,0.294762,8.79,0.11,2.591515,0.294762
npb-3.3-BT-initialize1,B,12,4,1,0,1,0,1313673512,32,101051808.615385,1,0.0,12,GPU,1.378586,8.60,0.12,11.849821,1.378586
npb-3.3-BT-initialize1,S,12,4,1,0,1,0,1807992,60,139076.307692,1,0.0,12,GPU,0.084941,1.39,0.72,0.117982,0.084941
npb-3.3-BT-initialize1,W,12,4,1,0,1,0,15949464,48,1226881.846154,1,0.0,12,GPU,0.092419,1.50,0.67,0.138836,0.092419
npb-3.3-BT-initialize2,A,116,10,7,0,40,0,320454824,64,2605323.772358,5.71,0.0,16.6,GPU,1.182163,8.24,0.12,9.739175,1.182163
npb-3.3-BT-initialize2,B,116,10,7,0,40,0,1313673512,32,10680272.455285,5.71,0.0,16.6,GPU,5.618611,7.12,0.14,39.977181,5.618611
npb-3.3-BT-initialize2,S,116,10,7,0,40,0,1807992,60,14699.121951,5.71,0.0,16.6,GPU,0.092416,2.03,0.49,0.187760,0.092416
npb-3.3-BT-initialize2,W,116,10,7,0,40,0,15949464,48,129670.439024,5.71,0.0,16.6,GPU,0.173888,3.70,0.27,0.643700,0.173888
npb-3.3-BT-initialize3,A,67,6,5,0,28,0,320454824,64,4450761.444444,5.6,0.0,13.4,GPU,0.096502,1.83,0.55,0.176592,0.096502
npb-3.3-BT-initialize3,B,67,6,5,0,28,0,1313673512,32,18245465.444444,5.6,0.0,13.4,GPU,0.132512,2.10,0.48,0.278077,0.132512
npb-3.3-BT-initialize3,S,67,6,5,0,28,0,1807992,60,25111.0,5.6,0.0,13.4,GPU,0.08775,1.09,0.92,0.095298,0.087750
npb-3.3-BT-initialize3,W,67,6,5,0,28,0,15949464,48,221520.333333,5.6,0.0,13.4,GPU,0.088944,1.64,0.61,0.145450,0.088944
npb-3.3-BT-initialize4,A,67,6,5,0,28,0,320454824,64,4450761.444444,5.6,0.0,13.4,GPU,0.095251,1.92,0.52,0.183157,0.095251
npb-3.3-BT-initialize4,B,67,6,5,0,28,0,1313673512,32,18245465.444444,5.6,0.0,13.4,GPU,0.128256,1.85,0.54,0.236878,0.128256
npb-3.3-BT-initialize4,S,67,6,5,0,28,0,1807992,60,25111.0,5.6,0.0,13.4,GPU,0.088336,1.08,0.93,0.095284,0.088336
npb-3.3-BT-initialize4,W,67,6,5,0,28,0,15949464,48,221520.333333,5.6,0.0,13.4,GPU,0.08912,1.61,0.62,0.143306,0.089120
npb-3.3-BT-initialize5,A,67,6,5,0,28,0,320454824,64,4450761.444444,5.6,0.0,13.4,GPU,0.09384,1.93,0.52,0.181502,0.093840
npb-3.3-BT-initialize5,B,67,6,5,0,28,0,1313673512,32,18245465.444444,5.6,0.0,13.4,GPU,0.125101,1.81,0.55,0.226612,0.125101
npb-3.3-BT-initialize5,S,67,6,5,0,28,0,1807992,60,25111.0,5.6,0.0,13.4,GPU,0.088314,1.16,0.87,0.102010,0.088314
npb-3.3-BT-initialize5,W,67,6,5,0,28,0,15949464,48,221520.333333,5.6,0.0,13.4,GPU,0.089574,1.53,0.66,0.136699,0.089574
npb-3.3-BT-rhs_norm,A,21,9,11,8,2,0,320454224,6,10014194.5,0.182,4.363636,1.91,CPU,0.433096,6.71,0.15,0.433096,2.904493
npb-3.3-BT-rhs_norm,B,21,9,11,8,2,0,1313673032,10,41052282.25,0.182,7.272727,1.91,CPU,2.745603,2.74,0.36,2.745603,7.534643
npb-3.3-BT-rhs_norm,S,21,9,11,8,2,0,1807992,1,56499.75,0.182,0.727273,1.91,CPU,0.07966,1.66,0.60,0.079660,0.132186
npb-3.3-BT-rhs_norm,W,21,9,11,8,2,0,15948384,2,498387.0,0.182,1.454545,1.91,CPU,0.111703,2.79,0.36,0.111703,0.311251
npb-3.3-BT-x_solve,A,829,135,9,0,232,0,320454824,62,382404.324582,25.8,0.0,92.1,GPU,9.228643,1.77,0.57,16.309858,9.228643
npb-3.3-BT-x_solve,B,829,135,9,0,232,0,1313673512,32,1567629.48926,25.8,0.0,92.1,GPU,31.181945,2.18,0.46,67.974468,31.181945
npb-3.3-BT-x_solve,S,829,135,9,0,232,0,1807992,60,2157.508353,25.8,0.0,92.1,CPU,0.230984,1.43,0.70,0.230984,0.330310
npb-3.3-BT-x_solve,W,829,135,9,0,232,0,15949464,44,19032.77327,25.8,0.0,92.1,GPU,0.517019,1.78,0.56,0.918673,0.517019
npb-3.3-BT-x_solve1,A,183,3,6,0,61,0,320454824,64,1695528.169312,10.2,0.0,30.5,GPU,5.884274,2.12,0.47,12.471523,5.884274
npb-3.3-BT-x_solve1,B,183,3,6,0,61,0,1313673512,32,6950653.502646,10.2,0.0,30.5,GPU,18.557904,2.94,0.34,54.572267,18.557904
npb-3.3-BT-x_solve1,S,183,3,6,0,61,0,1807992,60,9566.095238,10.2,0.0,30.5,GPU,0.086755,1.04,0.96,0.090509,0.086755
npb-3.3-BT-x_solve1,W,183,3,6,0,61,0,15949464,48,84388.698413,10.2,0.0,30.5,GPU,0.297074,1.85,0.54,0.550615,0.297074
npb-3.3-BT-x_solve2,A,15,5,1,0,5,0,320454824,64,20028426.5,5,0.0,15,GPU,0.478074,2.34,0.43,1.116614,0.478074
npb-3.3-BT-x_solve2,B,15,5,1,0,5,0,1313673512,32,82104594.5,5,0.0,15,GPU,1.125061,2.51,0.40,2.818502,1.125061
npb-3.3-BT-x_solve2,S,15,5,1,0,5,0,1807992,60,112999.5,5,0.0,15,CPU,0.070291,1.17,0.86,0.070291,0.082073
npb-3.3-BT-x_solve2,W,15,5,1,0,5,0,15949464,44,996841.5,5,0.0,15,GPU,0.089388,1.88,0.53,0.168493,0.089388
npb-3.3-BT-x_solve3,A,372,3,3,0,203,0,320454224,62,854544.597333,67.7,0.0,124,CPU,21.609073,1.36,0.73,21.609073,29.466055
npb-3.3-BT-x_solve3,B,372,3,3,0,203,0,1313673032,32,3503128.085333,67.7,0.0,124,CPU,94.842892,1.14,0.87,94.842892,108.439012
npb-3.3-BT-x_solve3,S,372,3,3,0,203,0,1807992,60,4821.312,67.7,0.0,124,CPU,0.094021,1.14,0.88,0.094021,0.107067
npb-3.3-BT-x_solve3,W,372,3,3,0,203,0,15948384,44,42529.024,67.7,0.0,124,CPU,0.817419,1.59,0.63,0.817419,1.296882
npb-3.3-BT-y_solve,A,829,135,9,0,233,0,320454824,62,382404.324582,25.9,0.0,92.1,GPU,8.449017,2.00,0.50,16.906211,8.449017
npb-3.3-BT-y_solve,B,829,135,9,0,233,0,1313673512,32,1567629.48926,25.9,0.0,92.1,GPU,28.769712,2.46,0.41,70.639357,28.769712
npb-3.3-BT-y_solve,S,829,135,9,0,233,0,1807992,60,2157.508353,25.9,0.0,92.1,CPU,0.22839,1.40,0.71,0.228390,0.320607
npb-3.3-BT-y_solve,W,829,135,9,0,233,0,15949464,44,19032.77327,25.9,0.0,92.1,GPU,0.508358,1.84,0.54,0.934164,0.508358
npb-3.3-BT-y_solve1,A,183,3,6,0,61,0,320454824,64,1695528.169312,10.2,0.0,30.5,GPU,6.720049,1.83,0.55,12.283156,6.720049
npb-3.3-BT-y_solve1,B,183,3,6,0,61,0,1313673512,32,6950653.502646,10.2,0.0,30.5,GPU,20.668229,2.53,0.39,52.362537,20.668229
npb-3.3-BT-y_solve1,S,183,3,6,0,61,0,1807992,60,9566.095238,10.2,0.0,30.5,GPU,0.087067,1.03,0.97,0.089811,0.087067
npb-3.3-BT-y_solve1,W,183,3,6,0,61,0,15949464,48,84388.698413,10.2,0.0,30.5,GPU,0.301511,1.92,0.52,0.577761,0.301511
npb-3.3-BT-y_solve2,A,15,5,1,0,5,0,320454824,64,20028426.5,5,0.0,15,GPU,0.477415,2.11,0.47,1.006071,0.477415
npb-3.3-BT-y_solve2,B,15,5,1,0,5,0,1313673512,32,82104594.5,5,0.0,15,GPU,1.122627,2.02,0.50,2.267141,1.122627
npb-3.3-BT-y_solve2,S,15,5,1,0,5,0,1807992,60,112999.5,5,0.0,15,CPU,0.070984,1.16,0.87,0.070984,0.082042
npb-3.3-BT-y_solve2,W,15,5,1,0,5,0,15949464,44,996841.5,5,0.0,15,GPU,0.089737,1.64,0.61,0.147223,0.089737
npb-3.3-BT-y_solve3,A,372,3,3,0,203,0,320454224,62,854544.597333,67.7,0.0,124,CPU,21.608036,1.36,0.73,21.608036,29.463351
npb-3.3-BT-y_solve3,B,372,3,3,0,203,0,1313673032,32,3503128.085333,67.7,0.0,124,CPU,94.885625,1.14,0.87,94.885625,108.443535
npb-3.3-BT-y_solve3,S,372,3,3,0,203,0,1807992,60,4821.312,67.7,0.0,124,CPU,0.093306,1.15,0.87,0.093306,0.106994
npb-3.3-BT-y_solve3,W,372,3,3,0,203,0,15948384,44,42529.024,67.7,0.0,124,CPU,0.760635,1.70,0.59,0.760635,1.295833
npb-3.3-BT-z_solve,A,828,135,9,0,232,0,320454824,62,382861.199522,25.8,0.0,92,GPU,8.431682,2.01,0.50,16.913439,8.431682
npb-3.3-BT-z_solve,B,828,135,9,0,232,0,1313673512,32,1569502.403823,25.8,0.0,92,GPU,28.784266,2.48,0.40,71.325890,28.784266
npb-3.3-BT-z_solve,S,828,135,9,0,232,0,1807992,60,2160.086022,25.8,0.0,92,CPU,0.228503,1.41,0.71,0.228503,0.322296
npb-3.3-BT-z_solve,W,828,135,9,0,232,0,15949464,44,19055.512545,25.8,0.0,92,GPU,0.506691,1.88,0.53,0.952137,0.506691
npb-3.3-BT-z_solve1,A,172,3,5,0,61,0,320454824,64,1810479.231638,12.2,0.0,34.4,GPU,6.758604,1.80,0.56,12.169673,6.758604
npb-3.3-BT-z_solve1,B,172,3,5,0,61,0,1313673512,32,7421884.248588,12.2,0.0,34.4,GPU,19.804667,2.62,0.38,51.791246,19.804667
npb-3.3-BT-z_solve1,S,172,3,5,0,61,0,1807992,60,10214.644068,12.2,0.0,34.4,GPU,0.088234,1.02,0.98,0.089826,0.088234
npb-3.3-BT-z_solve1,W,172,3,5,0,61,0,15949464,48,90109.966102,12.2,0.0,34.4,GPU,0.303849,1.86,0.54,0.564381,0.303849
npb-3.3-BT-z_solve2,A,15,5,1,0,5,0,320454824,64,20028426.5,5,0.0,15,GPU,0.476806,2.14,0.47,1.020877,0.476806
npb-3.3-BT-z_solve2,B,15,5,1,0,5,0,1313673512,32,82104594.5,5,0.0,15,GPU,1.12234,2.04,0.49,2.285347,1.122340
npb-3.3-BT-z_solve2,S,15,5,1,0,5,0,1807992,60,112999.5,5,0.0,15,CPU,0.070637,1.16,0.86,0.070637,0.082006
npb-3.3-BT-z_solve2,W,15,5,1,0,5,0,15949464,44,996841.5,5,0.0,15,GPU,0.089533,1.62,0.62,0.144831,0.089533
npb-3.3-BT-z_solve3,A,372,3,3,0,203,0,320454224,62,854544.597333,67.7,0.0,124,CPU,21.610194,1.36,0.73,21.610194,29.459528
npb-3.3-BT-z_solve3,B,372,3,3,0,203,0,1313673032,32,3503128.085333,67.7,0.0,124,CPU,94.898911,1.14,0.87,94.898911,108.460131
npb-3.3-BT-z_solve3,S,372,3,3,0,203,0,1807992,60,4821.312,67.7,0.0,124,CPU,0.092958,1.15,0.87,0.092958,0.107028
npb-3.3-BT-z_solve3,W,372,3,3,0,203,0,15948384,44,42529.024,67.7,0.0,124,CPU,0.731771,1.77,0.56,0.731771,1.295919
npb-3.3-CG-conj_grad_0,A,1,1,5,0,5,0,51143900,128,8523983.333333,1,0.0,0.2,GPU,0.038394,2.54,0.39,0.097554,0.038394
npb-3.3-CG-conj_grad_0,B,1,1,5,0,5,0,369331132,128,61555188.666667,1,0.0,0.2,GPU,0.058611,2.43,0.41,0.142349,0.058611
npb-3.3-CG-conj_grad_0,C,1,1,5,0,5,0,958249884,128,159708314.0,1,0.0,0.2,GPU,0.079238,3.03,0.33,0.239707,0.079238
npb-3.3-CG-conj_grad_0,S,1,1,5,0,5,0,2370332,128,395055.333333,1,0.0,0.2,GPU,0.037549,2.41,0.42,0.090430,0.037549
npb-3.3-CG-conj_grad_0,W,1,1,5,0,5,0,14742140,128,2457023.333333,1,0.0,0.2,GPU,0.037715,3.15,0.32,0.118716,0.037715
npb-3.3-CG-init_mem_0,A,0,1,1,0,1,0,51143900,256,51143900.0,1,0.0,0,GPU,0.071405,30.49,0.03,2.176871,0.071405
npb-3.3-CG-init_mem_0,B,0,1,1,0,1,0,369331132,256,369331132.0,1,0.0,0,GPU,0.235309,67.96,0.01,15.990429,0.235309
npb-3.3-CG-init_mem_0,C,0,1,1,0,1,0,958249884,256,958249884.0,1,0.0,0,GPU,0.538589,78.59,0.01,42.329127,0.538589
npb-3.3-CG-init_mem_0,S,0,1,1,0,1,0,2370332,256,2370332.0,1,0.0,0,GPU,0.046195,3.01,0.33,0.138997,0.046195
npb-3.3-CG-init_mem_0,W,0,1,1,0,1,0,14742140,256,14742140.0,1,0.0,0,GPU,0.052912,6.52,0.15,0.345027,0.052912
npb-3.3-CG-init_mem_1,A,0,1,1,0,1,0,51143900,256,51143900.0,1,0.0,0,GPU,0.057419,28.51,0.04,1.637030,0.057419
npb-3.3-CG-init_mem_1,B,0,1,1,0,1,0,369331132,256,369331132.0,1,0.0,0,GPU,0.169369,68.01,0.01,11.518164,0.169369
npb-3.3-CG-init_mem_1,C,0,1,1,0,1,0,958249884,256,958249884.0,1,0.0,0,GPU,0.38121,77.61,0.01,29.584754,0.381210
npb-3.3-CG-init_mem_1,S,0,1,1,0,1,0,2370332,256,2370332.0,1,0.0,0,GPU,0.038903,2.50,0.40,0.097405,0.038903
npb-3.3-CG-init_mem_1,W,0,1,1,0,1,0,14742140,256,14742140.0,1,0.0,0,GPU,0.044389,8.51,0.12,0.377957,0.044389
npb-3.3-CG-main_0,A,4,1,4,0,4,0,51143900,64,6392987.5,1,0.0,1,GPU,0.175341,9.08,0.11,1.592115,0.175341
npb-3.3-CG-main_0,B,4,1,4,0,4,0,369331132,64,46166391.5,1,0.0,1,GPU,0.952064,10.06,0.10,9.576969,0.952064
npb-3.3-CG-main_0,C,4,1,4,0,4,0,958249884,64,119781235.5,1,0.0,1,GPU,2.361798,9.05,0.11,21.383057,2.361798
npb-3.3-CG-main_0,S,4,1,4,0,4,0,2370332,64,296291.5,1,0.0,1,GPU,0.045997,4.19,0.24,0.192523,0.045997
npb-3.3-CG-main_0,W,4,1,4,0,4,0,14742140,64,1842767.5,1,0.0,1,GPU,0.08249,8.16,0.12,0.672915,0.082490
npb-3.3-CG-main_1,A,1,1,1,0,1,0,51143900,128,25571950.0,1,0.0,1,GPU,0.038176,2.77,0.36,0.105781,0.038176
npb-3.3-CG-main_1,B,1,1,1,0,1,0,369331132,128,184665566.0,1,0.0,1,GPU,0.053133,3.18,0.31,0.169056,0.053133
npb-3.3-CG-main_1,C,1,1,1,0,1,0,958249884,128,479124942.0,1,0.0,1,GPU,0.04409,5.03,0.20,0.221758,0.044090
npb-3.3-CG-main_1,S,1,1,1,0,1,0,2370332,128,1185166.0,1,0.0,1,GPU,0.038445,2.38,0.42,0.091491,0.038445
npb-3.3-CG-main_1,W,1,1,1,0,1,0,14742140,128,7371070.0,1,0.0,1,GPU,0.037862,2.06,0.49,0.078013,0.037862
npb-3.3-CG-main_2,A,0,1,4,0,4,0,51143900,128,12785975.0,1,0.0,0,GPU,0.038106,3.65,0.27,0.138927,0.038106
npb-3.3-CG-main_2,B,0,1,4,0,4,0,369331132,128,92332783.0,1,0.0,0,GPU,0.054483,5.73,0.17,0.312034,0.054483
npb-3.3-CG-main_2,C,0,1,4,0,4,0,958249884,128,239562471.0,1,0.0,0,GPU,0.069222,8.37,0.12,0.579510,0.069222
npb-3.3-CG-main_2,S,0,1,4,0,4,0,2370332,128,592583.0,1,0.0,0,GPU,0.038541,2.64,0.38,0.101786,0.038541
npb-3.3-CG-main_2,W,0,1,4,0,4,0,14742140,128,3685535.0,1,0.0,0,GPU,0.037651,2.32,0.43,0.087525,0.037651
npb-3.3-CG-makea_0,A,59,11,5,0,5,0,51143900,32,799123.4375,1,0.0,11.8,GPU,435.054342,1.61,0.62,701.537499,435.054342
npb-3.3-CG-makea_0,B,59,11,5,0,5,0,369331132,32,5770798.9375,1,0.0,11.8,GPU,3632.788019,1.94,0.52,7051.470956,3632.788019
npb-3.3-CG-makea_0,C,59,11,5,0,5,0,958249884,32,14972654.4375,1,0.0,11.8,GPU,8790.892774,1.86,0.54,16363.066288,8790.892774
npb-3.3-CG-makea_0,S,59,11,5,0,5,0,2370332,32,37036.4375,1,0.0,11.8,GPU,28.598541,2.43,0.41,69.414666,28.598541
npb-3.3-CG-makea_0,W,59,11,5,0,5,0,14742140,32,230345.9375,1,0.0,11.8,GPU,144.106131,1.72,0.58,248.140999,144.106131
npb-3.3-CG-makea_1,A,10,8,13,0,13,0,51143900,32,2223647.826087,1,0.0,0.769,CPU,65.613714,1.01,0.99,65.613714,66.141107
npb-3.3-CG-makea_1,B,10,8,13,0,13,0,369331132,32,16057875.304348,1,0.0,0.769,CPU,407.61281,1.01,0.99,407.612810,410.312000
npb-3.3-CG-makea_1,C,10,8,13,0,13,0,958249884,32,41663038.434783,1,0.0,0.769,GPU,933.519002,1.04,0.96,968.658729,933.519002
npb-3.3-CG-makea_1,S,10,8,13,0,13,0,2370332,32,103057.913043,1,0.0,0.769,CPU,3.341415,1.36,0.74,3.341415,4.545709
npb-3.3-CG-makea_1,W,10,8,13,0,13,0,14742140,32,640962.608696,1,0.0,0.769,CPU,24.525621,1.03,0.97,24.525621,25.214790
npb-3.3-CG-makea_2,A,4,5,5,0,5,0,51143900,32,5682655.555556,1,0.0,0.8,CPU,0.124833,2.10,0.48,0.124833,0.262285
npb-3.3-CG-makea_2,B,4,5,5,0,5,0,369331132,32,41036792.444444,1,0.0,0.8,GPU,0.120038,1.14,0.88,0.136692,0.120038
npb-3.3-CG-makea_2,C,4,5,5,0,5,0,958249884,32,106472209.333333,1,0.0,0.8,CPU,0.14024,1.15,0.87,0.140240,0.160998
npb-3.3-CG-makea_2,S,4,5,5,0,5,0,2370332,32,263370.222222,1,0.0,0.8,GPU,0.09401,1.66,0.60,0.156262,0.094010
npb-3.3-CG-makea_2,W,4,5,5,0,5,0,14742140,32,1638015.555556,1,0.0,0.8,GPU,0.090797,1.33,0.75,0.120448,0.090797
npb-3.3-CG-makea_3,A,18,14,25,0,30,0,51143900,128,1189393.023256,1.2,0.0,0.72,GPU,466.348704,1.35,0.74,630.874991,466.348704
npb-3.3-CG-makea_3,B,18,14,25,0,30,0,369331132,128,8589096.093023,1.2,0.0,0.72,GPU,4382.712032,5.46,0.18,23910.693736,4382.712032
npb-3.3-CG-makea_3,C,18,14,25,0,30,0,958249884,128,22284881.023256,1.2,0.0,0.72,GPU,16365.527872,6.60,0.15,108045.193158,16365.527872
npb-3.3-CG-makea_3,S,18,14,25,0,30,0,2370332,128,55124.0,1.2,0.0,0.72,CPU,7.579918,7.36,0.14,7.579918,55.812966
npb-3.3-CG-makea_3,W,18,14,25,0,30,0,14742140,128,342840.465116,1.2,0.0,0.72,CPU,118.431698,1.12,0.89,118.431698,133.001152
npb-3.3-CG-makea_4,A,4,3,4,0,8,0,51143900,32,6392987.5,2,0.0,1,GPU,0.044941,1.64,0.61,0.073584,0.044941
npb-3.3-CG-makea_4,B,4,3,4,0,8,0,369331132,32,46166391.5,2,0.0,1,GPU,0.083123,1.17,0.85,0.097441,0.083123
npb-3.3-CG-makea_4,C,4,3,4,0,8,0,958249884,32,119781235.5,2,0.0,1,CPU,0.113058,1.09,0.92,0.113058,0.122989
npb-3.3-CG-makea_4,S,4,3,4,0,8,0,2370332,32,296291.5,2,0.0,1,GPU,0.040902,2.61,0.38,0.106772,0.040902
npb-3.3-CG-makea_4,W,4,3,4,0,8,0,14742140,32,1842767.5,2,0.0,1,CPU,0.074911,2.70,0.37,0.074911,0.202317
npb-3.3-CG-makea_5,A,2,5,4,0,6,0,51143900,32,8523983.333333,1.5,0.0,0.5,GPU,0.09072,1.63,0.61,0.147797,0.090720
npb-3.3-CG-makea_5,B,2,5,4,0,6,0,369331132,32,61555188.666667,1.5,0.0,0.5,GPU,0.112224,1.19,0.84,0.133633,0.112224
npb-3.3-CG-makea_5,C,2,5,4,0,6,0,958249884,32,159708314.0,1.5,0.0,0.5,GPU,0.135955,1.11,0.90,0.150912,0.135955
npb-3.3-CG-makea_5,S,2,5,4,0,6,0,2370332,32,395055.333333,1.5,0.0,0.5,GPU,0.07504,1.34,0.75,0.100584,0.075040
npb-3.3-CG-makea_5,W,2,5,4,0,6,0,14742140,32,2457023.333333,1.5,0.0,0.5,GPU,0.100998,1.24,0.81,0.124848,0.100998
npb-3.3-CG-makea_6,A,5,3,8,0,10,0,51143900,128,3934146.153846,1.25,0.0,0.625,CPU,4.071752,1.31,0.76,4.071752,5.335795
npb-3.3-CG-makea_6,B,5,3,8,0,10,0,369331132,128,28410087.076923,1.25,0.0,0.625,CPU,27.745023,1.55,0.65,27.745023,42.989216
npb-3.3-CG-makea_6,C,5,3,8,0,10,0,958249884,128,73711529.538462,1.25,0.0,0.625,CPU,73.104347,1.57,0.64,73.104347,115.036614
npb-3.3-CG-makea_6,S,5,3,8,0,10,0,2370332,128,182333.230769,1.25,0.0,0.625,GPU,0.111686,1.28,0.78,0.142796,0.111686
npb-3.3-CG-makea_6,W,5,3,8,0,10,0,14742140,128,1134010.769231,1.25,0.0,0.625,CPU,1.118177,1.09,0.92,1.118177,1.218061
npb-3.3-CG-makea_7,A,4,1,3,0,4,0,51143900,128,7306271.428571,1.33,0.0,1.33,GPU,0.038906,3.41,0.29,0.132586,0.038906
npb-3.3-CG-makea_7,B,4,1,3,0,4,0,369331132,128,52761590.285714,1.33,0.0,1.33,GPU,0.043706,3.03,0.33,0.132376,0.043706
npb-3.3-CG-makea_7,C,4,1,3,0,4,0,958249884,128,136892840.571429,1.33,0.0,1.33,GPU,0.048224,3.81,0.26,0.183709,0.048224
npb-3.3-CG-makea_7,S,4,1,3,0,4,0,2370332,128,338618.857143,1.33,0.0,1.33,GPU,0.038886,3.57,0.28,0.138955,0.038886
npb-3.3-CG-makea_7,W,4,1,3,0,4,0,14742140,128,2106020.0,1.33,0.0,1.33,GPU,0.038317,1.81,0.55,0.069436,0.038317
npb-3.3-EP-embar,A,133,16,16,13,2,0,6144,64,41.234899,0.125,52.0,8.31,GPU,443.399469,7.53,0.13,3340.154180,443.399469
npb-3.3-EP-embar,B,133,16,16,13,2,0,24576,64,164.939597,0.125,52.0,8.31,GPU,1652.365248,8.08,0.12,13348.841044,1652.365248
npb-3.3-EP-embar,C,133,16,16,13,2,0,98304,64,659.758389,0.125,52.0,8.31,GPU,6089.062272,8.77,0.11,53389.300628,6089.062272
npb-3.3-EP-embar,W,133,16,16,13,2,0,768,64,5.154362,0.125,52.0,8.31,GPU,214.355085,1.95,0.51,417.991790,214.355085
npb-3.3-FT-cffts1,A,8,2,11,4,4,0,336861712,48,17729563.789474,0.364,17.454545,0.727,GPU,40.543268,26.97,0.04,1093.525995,40.543268
npb-3.3-FT-cffts1,B,8,2,11,4,4,0,1344811536,48,70779554.526316,0.364,17.454545,0.727,GPU,205.267812,21.36,0.05,4383.638636,205.267812
npb-3.3-FT-cffts1,S,8,2,11,4,4,0,10652176,48,560640.842105,0.364,17.454545,0.727,GPU,1.383786,25.80,0.04,35.697838,1.383786
npb-3.3-FT-cffts1,W,8,2,11,4,4,0,21138448,48,1112549.894737,0.364,17.454545,0.727,GPU,2.663583,26.17,0.04,69.707880,2.663583
npb-3.3-FT-cffts2,A,10,2,11,4,4,0,336861712,48,16041033.904762,0.364,17.454545,0.909,GPU,47.022327,23.77,0.04,1117.859694,47.022327
npb-3.3-FT-cffts2,B,10,2,11,4,4,0,1344811536,48,64038644.571429,0.364,17.454545,0.909,GPU,315.303954,14.15,0.07,4461.109286,315.303954
npb-3.3-FT-cffts2,S,10,2,11,4,4,0,10652176,48,507246.47619,0.364,17.454545,0.909,GPU,1.525558,23.62,0.04,36.033501,1.525558
npb-3.3-FT-cffts2,W,10,2,11,4,4,0,21138448,48,1006592.761905,0.364,17.454545,0.909,GPU,2.897609,24.31,0.04,70.436838,2.897609
npb-3.3-FT-cffts3,A,11,2,11,4,4,0,336861712,48,15311896.0,0.364,17.454545,1,GPU,46.953337,24.10,0.04,1131.531702,46.953337
npb-3.3-FT-cffts3,B,11,2,11,4,4,0,1344811536,48,61127797.090909,0.364,17.454545,1,GPU,322.89322,13.85,0.07,4472.677009,322.893220
npb-3.3-FT-cffts3,S,11,2,11,4,4,0,10652176,48,484189.818182,0.364,17.454545,1,GPU,1.549071,23.35,0.04,36.163467,1.549071
npb-3.3-FT-cffts3,W,11,2,11,4,4,0,21138448,48,960838.545455,0.364,17.454545,1,GPU,2.748011,27.60,0.04,75.846617,2.748011
npb-3.3-FT-checksum,A,23,4,18,14,2,0,336861712,32,8216139.317073,0.111,24.888889,1.28,GPU,0.165845,1.11,0.90,0.183676,0.165845
npb-3.3-FT-checksum,B,23,4,18,14,2,0,1344811536,32,32800281.365854,0.111,24.888889,1.28,CPU,0.276867,1.30,0.77,0.276867,0.359896
npb-3.3-FT-checksum,S,23,4,18,14,2,0,10652176,32,259809.170732,0.111,24.888889,1.28,GPU,0.147318,1.70,0.59,0.250675,0.147318
npb-3.3-FT-checksum,W,23,4,18,14,2,0,21138448,32,515571.902439,0.111,24.888889,1.28,GPU,0.146387,1.50,0.66,0.220135,0.146387
npb-3.3-FT-compute_indexmap,A,43,3,1,0,0,0,336861712,64,7655948.0,0,0.0,43,GPU,2.584282,14.50,0.07,37.462715,2.584282
npb-3.3-FT-compute_indexmap,B,43,3,1,0,0,0,1344811536,64,30563898.545455,0,0.0,43,GPU,10.036589,14.87,0.07,149.261720,10.036589
npb-3.3-FT-compute_indexmap,S,43,3,1,0,0,0,10652176,64,242094.909091,0,0.0,43,GPU,0.22169,6.41,0.16,1.421712,0.221690
npb-3.3-FT-compute_indexmap,W,43,3,1,0,0,0,21138448,64,480419.272727,0,0.0,43,GPU,0.296733,8.44,0.12,2.504982,0.296733
npb-3.3-FT-compute_initial_conditions,A,8,2,2,0,2,0,336861712,26,33686171.2,1,0.0,4,GPU,72.140656,1.27,0.79,91.586520,72.140656
npb-3.3-FT-compute_initial_conditions,B,8,2,2,0,2,0,1344811536,26,134481153.6,1,0.0,4,GPU,149.496518,1.25,0.80,187.001354,149.496518
npb-3.3-FT-compute_initial_conditions,S,8,2,2,0,2,0,10652176,6,1065217.6,1,0.0,4,CPU,1.907496,2.53,0.40,1.907496,4.819744
npb-3.3-FT-compute_initial_conditions,W,8,2,2,0,2,0,21138448,12,2113844.8,1,0.0,4,CPU,11.7493,1.54,0.65,11.749300,18.127798
npb-3.3-FT-evolve,A,11,3,13,0,13,0,336861712,64,14035904.666667,1,0.0,0.846,GPU,3.435306,9.79,0.10,33.643773,3.435306
npb-3.3-FT-evolve,B,11,3,13,0,13,0,1344811536,64,56033814.0,1,0.0,0.846,GPU,13.439819,10.09,0.10,135.596351,13.439819
npb-3.3-FT-evolve,S,11,3,13,0,13,0,10652176,64,443840.666667,1,0.0,0.846,GPU,0.247171,3.16,0.32,0.781939,0.247171
npb-3.3-FT-evolve,W,11,3,13,0,13,0,21138448,64,880768.666667,1,0.0,0.846,GPU,0.347632,6.14,0.16,2.133630,0.347632
npb-3.3-FT-init_ui,A,0,1,3,0,3,0,336861712,64,112287237.333333,1,0.0,0,GPU,2.349901,91.82,0.01,215.778624,2.349901
npb-3.3-FT-init_ui,B,0,1,3,0,3,0,1344811536,64,448270512.0,1,0.0,0,GPU,9.011091,94.19,0.01,848.783466,9.011091
npb-3.3-FT-init_ui,S,0,1,3,0,3,0,10652176,64,3550725.333333,1,0.0,0,GPU,0.224314,20.67,0.05,4.637476,0.224314
npb-3.3-FT-init_ui,W,0,1,3,0,3,0,21138448,64,7046149.333333,1,0.0,0,GPU,0.290554,73.62,0.01,21.391300,0.290554
npb-3.3-LU-blts,A,1860,7,4,0,165,0,47333624,53,25393.575107,41.2,0.0,465,GPU,0.189846,1.12,0.89,0.213090,0.189846
npb-3.3-LU-blts,B,1860,7,4,0,165,0,189794664,30,101821.171674,41.2,0.0,465,GPU,0.220394,1.48,0.67,0.326825,0.220394
npb-3.3-LU-blts,C,1860,7,4,0,165,0,755867256,60,405508.184549,41.2,0.0,465,GPU,0.272277,2.58,0.39,0.701125,0.272277
npb-3.3-LU-blts,S,1860,7,4,0,165,0,349464,40,187.480687,41.2,0.0,465,CPU,0.105627,1.60,0.63,0.105627,0.168998
npb-3.3-LU-blts,W,1860,7,4,0,165,0,6346800,52,3404.935622,41.2,0.0,465,CPU,0.140512,1.25,0.80,0.140512,0.175413
npb-3.3-LU-buts,A,1864,7,4,0,159,0,47333624,53,25339.199143,39.8,0.0,466,GPU,0.190293,1.16,0.86,0.220729,0.190293
npb-3.3-LU-buts,B,1864,7,4,0,159,0,189794664,30,101603.139186,39.8,0.0,466,GPU,0.225302,1.46,0.68,0.329086,0.225302
npb-3.3-LU-buts,C,1864,7,4,0,159,0,755867256,60,404639.858672,39.8,0.0,466,GPU,0.285554,2.54,0.39,0.723987,0.285554
npb-3.3-LU-buts,S,1864,7,4,0,159,0,349464,40,187.079229,39.8,0.0,466,CPU,0.105317,1.62,0.62,0.105317,0.170098
npb-3.3-LU-buts,W,1864,7,4,0,159,0,6346800,52,3397.64454,39.8,0.0,466,CPU,0.140516,1.26,0.79,0.140516,0.176890
npb-3.3-LU-erhs1,A,54,4,3,0,15,0,47333624,64,830414.45614,5,0.0,18,GPU,0.817971,14.93,0.07,12.211680,0.817971
npb-3.3-LU-erhs1,B,54,4,3,0,15,0,189794664,32,3329730.947368,5,0.0,18,GPU,1.960557,23.76,0.04,46.576787,1.960557
npb-3.3-LU-erhs1,C,54,4,3,0,15,0,755867256,64,13260829.052632,5,0.0,18,GPU,7.99911,27.05,0.04,216.336307,7.999110
npb-3.3-LU-erhs1,S,54,4,3,0,15,0,349464,60,6130.947368,5,0.0,18,GPU,0.16951,1.19,0.84,0.201770,0.169510
npb-3.3-LU-erhs1,W,54,4,3,0,15,0,6347040,33,111351.578947,5,0.0,18,GPU,0.279309,2.51,0.40,0.700055,0.279309
npb-3.3-LU-erhs2,A,296,11,3,0,101,0,47333624,62,158306.434783,33.7,0.0,98.7,GPU,5.836365,1.18,0.85,6.880688,5.836365
npb-3.3-LU-erhs2,B,296,11,3,0,101,0,189794376,32,634763.799331,33.7,0.0,98.7,CPU,16.298098,3.43,0.29,16.298098,55.945395
npb-3.3-LU-erhs2,C,296,11,3,0,101,0,755866968,64,2527983.170569,33.7,0.0,98.7,CPU,67.24642,4.27,0.23,67.246420,287.201542
npb-3.3-LU-erhs2,S,296,11,3,0,101,0,349464,60,1168.77592,33.7,0.0,98.7,CPU,0.243562,1.20,0.83,0.243562,0.293126
npb-3.3-LU-erhs2,W,296,11,3,0,101,0,6346800,62,21226.755853,33.7,0.0,98.7,CPU,0.587849,1.30,0.77,0.587849,0.762886
npb-3.3-LU-erhs3,A,296,11,3,0,101,0,47333624,62,158306.434783,33.7,0.0,98.7,GPU,2.587027,1.38,0.73,3.567586,2.587027
npb-3.3-LU-erhs3,B,296,11,3,0,101,0,189794376,32,634763.799331,33.7,0.0,98.7,CPU,13.7885,1.56,0.64,13.788500,21.518656
npb-3.3-LU-erhs3,C,296,11,3,0,101,0,755866968,64,2527983.170569,33.7,0.0,98.7,CPU,57.680221,1.93,0.52,57.680221,111.256422
npb-3.3-LU-erhs3,S,296,11,3,0,101,0,349464,60,1168.77592,33.7,0.0,98.7,CPU,0.197901,1.38,0.72,0.197901,0.273395
npb-3.3-LU-erhs3,W,296,11,3,0,101,0,6346800,62,21226.755853,33.7,0.0,98.7,CPU,0.50932,1.23,0.81,0.509320,0.628237
npb-3.3-LU-erhs4,A,296,11,3,0,88,0,47333624,62,158306.434783,29.3,0.0,98.7,GPU,2.604698,1.30,0.77,3.393711,2.604698
npb-3.3-LU-erhs4,B,296,11,3,0,88,0,189794376,32,634763.799331,29.3,0.0,98.7,CPU,15.576715,1.38,0.72,15.576715,21.515437
npb-3.3-LU-erhs4,C,296,11,3,0,88,0,755866968,64,2527983.170569,29.3,0.0,98.7,CPU,58.778884,1.88,0.53,58.778884,110.303002
npb-3.3-LU-erhs4,S,296,11,3,0,88,0,349464,60,1168.77592,29.3,0.0,98.7,CPU,0.213573,1.28,0.78,0.213573,0.273766
npb-3.3-LU-erhs4,W,296,11,3,0,88,0,6346800,62,21226.755853,29.3,0.0,98.7,CPU,0.505954,1.24,0.81,0.505954,0.625075
npb-3.3-LU-error,A,52,10,13,8,15,0,47333288,1,728204.430769,1.15,0.615385,4,CPU,1.851308,3.90,0.26,1.851308,7.227514
npb-3.3-LU-error,B,52,10,13,8,15,0,189794376,1,2919913.476923,1.15,0.615385,4,CPU,7.058781,3.41,0.29,7.058781,24.046861
npb-3.3-LU-error,C,52,10,13,8,15,0,755866968,1,11628722.584615,1.15,0.615385,4,CPU,28.400617,3.72,0.27,28.400617,105.510202
npb-3.3-LU-error,S,52,10,13,8,15,0,349464,1,5376.369231,1.15,0.615385,4,CPU,0.136022,2.00,0.50,0.136022,0.272243
npb-3.3-LU-error,W,52,10,13,8,15,0,6346800,1,97643.076923,1.15,0.615385,4,CPU,0.336465,3.83,0.26,0.336465,1.288864
npb-3.3-LU-l2norm,A,19,9,11,8,3,0,47333288,6,1577776.266667,0.273,4.363636,1.73,CPU,0.73456,3.32,0.30,0.734560,2.439056
npb-3.3-LU-l2norm,B,19,9,11,8,3,0,189794376,10,6326479.2,0.273,7.272727,1.73,CPU,2.542532,2.49,0.40,2.542532,6.324200
npb-3.3-LU-l2norm,C,19,9,11,8,3,0,755866968,16,25195565.6,0.273,11.636364,1.73,CPU,8.704397,1.94,0.52,8.704397,16.852733
npb-3.3-LU-l2norm,S,19,9,11,8,3,0,349464,1,11648.8,0.273,0.727273,1.73,CPU,0.133015,1.48,0.68,0.133015,0.196850
npb-3.3-LU-l2norm,W,19,9,11,8,3,0,6346800,2,211560.0,0.273,1.454545,1.73,CPU,0.177189,3.87,0.26,0.177189,0.685822
npb-3.3-LU-pintgr1,A,37,2,3,0,18,0,47333288,62,1183332.2,6,0.0,12.3,CPU,0.171724,1.03,0.97,0.171724,0.176467
npb-3.3-LU-pintgr1,B,37,2,3,0,18,0,189794664,32,4744866.6,6,0.0,12.3,GPU,0.181075,1.32,0.76,0.239330,0.181075
npb-3.3-LU-pintgr1,C,37,2,3,0,18,0,755867256,64,18896681.4,6,0.0,12.3,GPU,0.195962,1.69,0.59,0.330779,0.195962
npb-3.3-LU-pintgr1,S,37,2,3,0,18,0,349464,60,8736.6,6,0.0,12.3,CPU,0.105823,1.55,0.64,0.105823,0.164474
npb-3.3-LU-pintgr1,W,37,2,3,0,18,0,6346800,62,158670.0,6,0.0,12.3,CPU,0.129024,1.38,0.73,0.129024,0.177568
npb-3.3-LU-pintgr2,A,44,2,3,0,18,0,47333288,62,1007091.234043,6,0.0,14.7,CPU,0.156723,1.11,0.90,0.156723,0.174317
npb-3.3-LU-pintgr2,B,44,2,3,0,18,0,189794664,32,4038184.340426,6,0.0,14.7,GPU,0.177491,1.18,0.85,0.209173,0.177491
npb-3.3-LU-pintgr2,C,44,2,3,0,18,0,755867256,64,16082282.042553,6,0.0,14.7,GPU,0.192883,1.36,0.74,0.262084,0.192883
npb-3.3-LU-pintgr2,S,44,2,3,0,18,0,349464,60,7435.404255,6,0.0,14.7,CPU,0.103182,1.64,0.61,0.103182,0.169133
npb-3.3-LU-pintgr2,W,44,2,3,0,18,0,6346800,62,135038.297872,6,0.0,14.7,CPU,0.126482,1.31,0.76,0.126482,0.166202
npb-3.3-LU-pintgr3,A,44,2,3,0,18,0,47333288,61,1007091.234043,6,0.0,14.7,CPU,0.169546,1.03,0.97,0.169546,0.174496
npb-3.3-LU-pintgr3,B,44,2,3,0,18,0,189794664,32,4038184.340426,6,0.0,14.7,GPU,0.186502,1.48,0.68,0.275885,0.186502
npb-3.3-LU-pintgr3,C,44,2,3,0,18,0,755867256,64,16082282.042553,6,0.0,14.7,GPU,0.259386,2.04,0.49,0.529336,0.259386
npb-3.3-LU-pintgr3,S,44,2,3,0,18,0,349464,63,7435.404255,6,0.0,14.7,CPU,0.102889,1.57,0.64,0.102889,0.161645
npb-3.3-LU-pintgr3,W,44,2,3,0,18,0,6346800,60,135038.297872,6,0.0,14.7,CPU,0.127348,1.31,0.77,0.127348,0.166432
npb-3.3-LU-pintgr_reduce,A,21,4,5,2,8,0,47333288,6,1820511.076923,1.6,2.4,4.2,CPU,0.148393,1.30,0.77,0.148393,0.192181
npb-3.3-LU-pintgr_reduce,B,21,4,5,2,8,0,189794376,10,7299783.692308,1.6,4.0,4.2,CPU,0.157784,1.32,0.76,0.157784,0.208900
npb-3.3-LU-pintgr_reduce,C,21,4,5,2,8,0,755866968,16,29071806.461538,1.6,6.4,4.2,CPU,0.161965,1.50,0.67,0.161965,0.243006
npb-3.3-LU-pintgr_reduce,S,21,4,5,2,8,0,349464,1,13440.923077,1.6,0.4,4.2,CPU,0.124726,1.31,0.76,0.124726,0.163151
npb-3.3-LU-pintgr_reduce,W,21,4,5,2,8,0,6346800,2,244107.692308,1.6,0.8,4.2,CPU,0.129117,1.36,0.73,0.129117,0.175723
npb-3.3-LU-rhs,A,68,4,5,0,11,0,47333624,64,648405.808219,2.2,0.0,13.6,GPU,0.644343,4.65,0.22,2.995811,0.644343
npb-3.3-LU-rhs,B,68,4,5,0,11,0,189794664,32,2599926.90411,2.2,0.0,13.6,GPU,1.181164,10.26,0.10,12.120577,1.181164
npb-3.3-LU-rhs,C,68,4,5,0,11,0,755867256,64,10354345.972603,2.2,0.0,13.6,GPU,5.9502,7.55,0.13,44.918082,5.950200
npb-3.3-LU-rhs,S,68,4,5,0,11,0,349464,60,4787.178082,2.2,0.0,13.6,CPU,0.13201,1.23,0.81,0.132010,0.162012
npb-3.3-LU-rhs,W,68,4,5,0,11,0,6347040,33,86945.753425,2.2,0.0,13.6,GPU,0.204984,1.23,0.81,0.252408,0.204984
npb-3.3-LU-rhsx,A,1048,19,4,0,71,0,47333624,62,44993.939163,17.8,0.0,262,GPU,1.020308,2.49,0.40,2.538190,1.020308
npb-3.3-LU-rhsx,B,1048,19,4,0,71,0,189794664,32,180413.178707,17.8,0.0,262,GPU,3.601496,2.79,0.36,10.065982,3.601496
npb-3.3-LU-rhsx,C,1048,19,4,0,71,0,755867256,64,718504.996198,17.8,0.0,262,GPU,15.770791,2.56,0.39,40.371444,15.770791
npb-3.3-LU-rhsx,S,1048,19,4,0,71,0,349464,60,332.190114,17.8,0.0,262,CPU,0.132395,1.40,0.71,0.132395,0.185930
npb-3.3-LU-rhsx,W,1048,19,4,0,71,0,6347040,62,6033.307985,17.8,0.0,262,GPU,0.246694,1.68,0.60,0.413715,0.246694
npb-3.3-LU-rhsy,A,1048,19,4,0,71,0,47333624,62,44993.939163,17.8,0.0,262,GPU,0.597519,5.96,0.17,3.559571,0.597519
npb-3.3-LU-rhsy,B,1048,19,4,0,71,0,189794664,32,180413.178707,17.8,0.0,262,GPU,2.202026,5.99,0.17,13.193081,2.202026
npb-3.3-LU-rhsy,C,1048,19,4,0,71,0,755867256,64,718504.996198,17.8,0.0,262,GPU,6.287163,8.39,0.12,52.744757,6.287163
npb-3.3-LU-rhsy,S,1048,19,4,0,71,0,349464,60,332.190114,17.8,0.0,262,CPU,0.128742,1.44,0.70,0.128742,0.185233
npb-3.3-LU-rhsy,W,1048,19,4,0,71,0,6347040,62,6033.307985,17.8,0.0,262,GPU,0.241608,1.79,0.56,0.432356,0.241608
npb-3.3-LU-rhsz,A,1048,19,4,0,69,0,47333624,62,44993.939163,17.2,0.0,262,GPU,0.600774,5.78,0.17,3.470807,0.600774
npb-3.3-LU-rhsz,B,1048,19,4,0,69,0,189794664,32,180413.178707,17.2,0.0,262,GPU,2.222631,6.65,0.15,14.783681,2.222631
npb-3.3-LU-rhsz,C,1048,19,4,0,69,0,755867256,64,718504.996198,17.2,0.0,262,GPU,6.364849,8.70,0.11,55.390147,6.364849
npb-3.3-LU-rhsz,S,1048,19,4,0,69,0,349464,60,332.190114,17.2,0.0,262,CPU,0.131074,1.43,0.70,0.131074,0.188000
npb-3.3-LU-rhsz,W,1048,19,4,0,69,0,6347040,62,6033.307985,17.2,0.0,262,GPU,0.245124,1.87,0.54,0.457272,0.245124
npb-3.3-LU-setbv1,A,74,5,5,0,28,0,47333624,64,599159.797468,5.6,0.0,14.8,GPU,0.183072,1.43,0.70,0.261491,0.183072
npb-3.3-LU-setbv1,B,74,5,5,0,28,0,189794664,32,2402464.101266,5.6,0.0,14.8,GPU,0.205312,2.86,0.35,0.587598,0.205312
npb-3.3-LU-setbv1,C,74,5,5,0,28,0,755867256,64,9567939.949367,5.6,0.0,14.8,GPU,0.239904,4.55,0.22,1.091951,0.239904
npb-3.3-LU-setbv1,S,74,5,5,0,28,0,349464,60,4423.594937,5.6,0.0,14.8,GPU,0.168602,1.04,0.97,0.174608,0.168602
npb-3.3-LU-setbv1,W,74,5,5,0,28,0,6347040,33,80342.278481,5.6,0.0,14.8,GPU,0.174714,1.08,0.93,0.188367,0.174714
npb-3.3-LU-setbv2,A,74,2,5,0,28,0,47333624,60,599159.797468,5.6,0.0,14.8,GPU,0.214083,12.46,0.08,2.667403,0.214083
npb-3.3-LU-setbv2,B,74,2,5,0,28,0,189794664,30,2402464.101266,5.6,0.0,14.8,GPU,0.27113,40.59,0.02,11.004967,0.271130
npb-3.3-LU-setbv2,C,74,2,5,0,28,0,755867256,60,9567939.949367,5.6,0.0,14.8,GPU,0.42865,101.43,0.01,43.479416,0.428650
npb-3.3-LU-setbv2,S,74,2,5,0,28,0,349464,60,4423.594937,5.6,0.0,14.8,CPU,0.149228,1.10,0.91,0.149228,0.163981
npb-3.3-LU-setbv2,W,74,2,5,0,28,0,6346800,60,80339.240506,5.6,0.0,14.8,CPU,0.14705,1.20,0.83,0.147050,0.176877
npb-3.3-LU-setbv3,A,74,2,5,0,28,0,47333624,60,599159.797468,5.6,0.0,14.8,GPU,0.215744,1.56,0.64,0.336674,0.215744
npb-3.3-LU-setbv3,B,74,2,5,0,28,0,189794664,30,2402464.101266,5.6,0.0,14.8,GPU,0.273933,1.70,0.59,0.465628,0.273933
npb-3.3-LU-setbv3,C,74,2,5,0,28,0,755867256,60,9567939.949367,5.6,0.0,14.8,GPU,0.435158,1.66,0.60,0.722348,0.435158
npb-3.3-LU-setbv3,S,74,2,5,0,28,0,349464,60,4423.594937,5.6,0.0,14.8,CPU,0.137314,1.19,0.84,0.137314,0.163709
npb-3.3-LU-setbv3,W,74,2,5,0,28,0,6346800,60,80339.240506,5.6,0.0,14.8,CPU,0.163686,1.08,0.93,0.163686,0.176592
npb-3.3-LU-setiv,A,230,10,13,0,79,0,47333624,62,194788.576132,6.08,0.0,17.7,GPU,1.344019,8.86,0.11,11.901937,1.344019
npb-3.3-LU-setiv,B,230,10,13,0,79,0,189794664,32,781048.0,6.08,0.0,17.7,GPU,6.128413,8.24,0.12,50.494659,6.128413
npb-3.3-LU-setiv,C,230,10,13,0,79,0,755867256,64,3110564.839506,6.08,0.0,17.7,GPU,20.615395,9.81,0.10,202.148046,20.615395
npb-3.3-LU-setiv,S,230,10,13,0,79,0,349464,60,1438.123457,6.08,0.0,17.7,GPU,0.16992,1.24,0.81,0.210500,0.169920
npb-3.3-LU-setiv,W,230,10,13,0,79,0,6347040,62,26119.506173,6.08,0.0,17.7,GPU,0.316701,4.31,0.23,1.366307,0.316701
npb-3.3-LU-ssor2,A,19,4,1,0,2,0,47333624,62,2366681.2,2,0.0,19,GPU,0.334422,2.18,0.46,0.729912,0.334422
npb-3.3-LU-ssor2,B,19,4,1,0,2,0,189794664,32,9489733.2,2,0.0,19,GPU,0.876705,5.20,0.19,4.555260,0.876705
npb-3.3-LU-ssor2,C,19,4,1,0,2,0,755867256,64,37793362.8,2,0.0,19,GPU,3.113337,5.55,0.18,17.277572,3.113337
npb-3.3-LU-ssor2,S,19,4,1,0,2,0,349464,60,17473.2,2,0.0,19,CPU,0.128707,1.25,0.80,0.128707,0.160242
npb-3.3-LU-ssor2,W,19,4,1,0,2,0,6346800,62,317340.0,2,0.0,19,CPU,0.184169,1.03,0.97,0.184169,0.189855
npb-3.3-LU-ssor3,A,32,4,2,0,3,0,47333624,62,1392165.411765,1.5,0.0,16,GPU,0.584542,2.53,0.40,1.479073,0.584542
npb-3.3-LU-ssor3,B,32,4,2,0,3,0,189794664,32,5582196.0,1.5,0.0,16,GPU,1.021203,6.63,0.15,6.772957,1.021203
npb-3.3-LU-ssor3,C,32,4,2,0,3,0,755867256,64,22231389.882353,1.5,0.0,16,GPU,4.444226,6.08,0.16,27.005840,4.444226
npb-3.3-LU-ssor3,S,32,4,2,0,3,0,349464,60,10278.352941,1.5,0.0,16,CPU,0.12519,1.29,0.78,0.125190,0.161327
npb-3.3-LU-ssor3,W,32,4,2,0,3,0,6346800,62,186670.588235,1.5,0.0,16,CPU,0.197384,1.07,0.94,0.197384,0.211023
npb-3.3-MG-kernel_comm3_1,A,29,1,4,0,0,0,477311792,32,14463993.69697,0,0.0,7.25,CPU,203.206624,4.34,0.23,203.206624,882.441750
npb-3.3-MG-kernel_comm3_1,B,29,1,4,0,0,0,477315888,32,14464117.818182,0,0.0,7.25,CPU,204.017944,4.34,0.23,204.017944,884.609432
npb-3.3-MG-kernel_comm3_1,C,29,1,4,0,0,0,3749228176,32,113612975.030303,0,0.0,7.25,CPU,1929.547511,3.61,0.28,1929.547511,6962.979051
npb-3.3-MG-kernel_comm3_1,S,29,1,4,0,0,0,1209360,32,36647.272727,0,0.0,7.25,CPU,0.982916,3.17,0.32,0.982916,3.119487
npb-3.3-MG-kernel_comm3_1,W,29,1,4,0,0,0,61898192,32,1875702.787879,0,0.0,7.25,CPU,29.515857,3.89,0.26,29.515857,114.772061
npb-3.3-MG-kernel_comm3_2,A,27,1,4,0,0,0,477311792,32,15397154.580645,0,0.0,6.75,CPU,203.175957,4.34,0.23,203.175957,882.409966
npb-3.3-MG-kernel_comm3_2,B,27,1,4,0,0,0,477315888,32,15397286.709677,0,0.0,6.75,CPU,203.979959,4.34,0.23,203.979959,884.582479
npb-3.3-MG-kernel_comm3_2,C,27,1,4,0,0,0,3749228176,32,120942844.387097,0,0.0,6.75,CPU,1929.266915,3.61,0.28,1929.266915,6962.692977
npb-3.3-MG-kernel_comm3_2,S,27,1,4,0,0,0,1209360,32,39011.612903,0,0.0,6.75,CPU,0.98311,3.17,0.32,0.983110,3.119045
npb-3.3-MG-kernel_comm3_2,W,27,1,4,0,0,0,61898192,32,1996715.870968,0,0.0,6.75,CPU,29.511387,3.89,0.26,29.511387,114.765370
npb-3.3-MG-kernel_comm3_3,A,26,1,4,0,0,0,477311792,32,15910393.066667,0,0.0,6.5,CPU,203.161518,4.34,0.23,203.161518,882.409502
npb-3.3-MG-kernel_comm3_3,B,26,1,4,0,0,0,477315888,32,15910529.6,0,0.0,6.5,CPU,203.98006,4.34,0.23,203.980060,884.582082
npb-3.3-MG-kernel_comm3_3,C,26,1,4,0,0,0,3749228176,32,124974272.533333,0,0.0,6.5,CPU,1929.262778,3.61,0.28,1929.262778,6962.698180
npb-3.3-MG-kernel_comm3_3,S,26,1,4,0,0,0,1209360,32,40312.0,0,0.0,6.5,CPU,0.98411,3.17,0.32,0.984110,3.119253
npb-3.3-MG-kernel_comm3_3,W,26,1,4,0,0,0,61898192,32,2063273.066667,0,0.0,6.5,CPU,29.50718,3.89,0.26,29.507180,114.765079
npb-3.3-MG-kernel_interp_1,A,143,1,15,13,5,0,477311792,38,3020960.708861,0.333,32.933333,9.53,CPU,205.88873,4.29,0.23,205.888730,882.743134
npb-3.3-MG-kernel_interp_1,B,143,1,15,13,5,0,477315888,38,3020986.632911,0.333,32.933333,9.53,CPU,206.718894,4.28,0.23,206.718894,884.915428
npb-3.3-MG-kernel_interp_1,S,143,1,15,13,5,0,1209360,10,7654.177215,0.333,8.666667,9.53,CPU,0.995759,3.13,0.32,0.995759,3.121206
npb-3.3-MG-kernel_interp_1,W,143,1,15,13,5,0,61898192,23,391760.708861,0.333,19.933333,9.53,CPU,29.928851,3.84,0.26,29.928851,114.816198
npb-3.3-MG-kernel_norm2u3,A,18,6,14,11,2,0,477311792,128,14915993.5,0.143,100.571429,1.29,CPU,252.967088,3.50,0.29,252.967088,884.458454
npb-3.3-MG-kernel_norm2u3,B,18,6,14,11,2,0,477315888,128,14916121.5,0.143,100.571429,1.29,CPU,253.818443,3.49,0.29,253.818443,886.631261
npb-3.3-MG-kernel_norm2u3,C,18,6,14,11,2,0,3749228176,128,117163380.5,0.143,100.571429,1.29,CPU,2160.848671,3.23,0.31,2160.848671,6979.104352
npb-3.3-MG-kernel_norm2u3,S,18,6,14,11,2,0,1209360,128,37792.5,0.143,100.571429,1.29,CPU,1.63641,1.92,0.52,1.636410,3.139696
npb-3.3-MG-kernel_norm2u3,W,18,6,14,11,2,0,61898192,128,1934318.5,0.143,100.571429,1.29,CPU,40.711093,2.83,0.35,40.711093,115.184894
npb-3.3-MG-kernel_psinv,A,114,2,22,6,3,0,477311792,66,3509645.529412,0.136,18.0,5.18,CPU,214.557912,4.12,0.24,214.557912,883.103924
npb-3.3-MG-kernel_psinv,B,114,2,22,6,3,0,477315888,66,3509675.647059,0.136,18.0,5.18,CPU,215.394182,4.11,0.24,215.394182,885.279332
npb-3.3-MG-kernel_psinv,S,114,2,22,6,3,0,1209360,14,8892.352941,0.136,3.818182,5.18,CPU,1.027604,3.04,0.33,1.027604,3.122766
npb-3.3-MG-kernel_psinv,W,114,2,22,6,3,0,61898192,38,455133.764706,0.136,10.363636,5.18,CPU,31.207518,3.68,0.27,31.207518,114.865311
npb-3.3-MG-kernel_resid,A,101,2,21,7,3,0,477311792,105,3912391.737705,0.143,35.0,4.81,CPU,228.916994,3.86,0.26,228.916994,883.759255
npb-3.3-MG-kernel_resid,B,101,2,21,7,3,0,477315888,99,3912425.311475,0.143,33.0,4.81,CPU,226.223748,3.92,0.26,226.223748,885.814916
npb-3.3-MG-kernel_resid,C,101,2,21,7,3,0,3749228176,176,30731378.491803,0.143,58.666667,4.81,CPU,2086.473561,3.34,0.30,2086.473561,6973.273403
npb-3.3-MG-kernel_resid,S,101,2,21,7,3,0,1209360,21,9912.786885,0.143,7.0,4.81,CPU,1.074665,2.91,0.34,1.074665,3.124982
npb-3.3-MG-kernel_resid,W,101,2,21,7,3,0,61898192,60,507362.229508,0.143,20.0,4.81,CPU,33.428942,3.44,0.29,33.428942,114.953475
npb-3.3-MG-kernel_rprj3,A,176,1,8,6,9,0,477311792,37,2594085.826087,1.12,27.75,22,CPU,206.261393,4.28,0.23,206.261393,882.724785
npb-3.3-MG-kernel_rprj3,B,176,1,8,6,9,0,477315888,37,2594108.086957,1.12,27.75,22,CPU,206.935909,4.28,0.23,206.935909,884.923324
npb-3.3-MG-kernel_rprj3,S,176,1,8,6,9,0,1209360,8,6572.608696,1.12,6.0,22,CPU,0.997446,3.13,0.32,0.997446,3.121093
npb-3.3-MG-kernel_rprj3,W,176,1,8,6,9,0,61898192,22,336403.217391,1.12,16.5,22,CPU,29.95948,3.83,0.26,29.959480,114.803698
npb-3.3-MG-kernel_zero3,A,6,1,1,0,0,0,477311792,64,68187398.857143,0,0.0,6,CPU,208.634422,4.23,0.24,208.634422,882.514099
npb-3.3-MG-kernel_zero3,B,6,1,1,0,0,0,477315888,64,68187984.0,0,0.0,6,CPU,205.654101,4.30,0.23,205.654101,884.621037
npb-3.3-MG-kernel_zero3,C,6,1,1,0,0,0,3749228176,64,535604025.142857,0,0.0,6,CPU,1942.742741,3.58,0.28,1942.742741,6962.955425
npb-3.3-MG-kernel_zero3,S,6,1,1,0,0,0,1209360,64,172765.714286,0,0.0,6,CPU,1.007659,3.10,0.32,1.007659,3.119828
npb-3.3-MG-kernel_zero3,W,6,1,1,0,0,0,61898192,64,8842598.857143,0,0.0,6,CPU,30.41236,3.77,0.26,30.412360,114.780543
npb-3.3-MG-kernel_zran3_1,A,47,4,3,0,3,0,477311792,4,9546235.84,1,0.0,15.7,CPU,251.57118,3.69,0.27,251.571180,927.306134
npb-3.3-MG-kernel_zran3_1,B,47,4,3,0,3,0,477315888,4,9546317.76,1,0.0,15.7,CPU,252.558668,3.68,0.27,252.558668,929.330448
npb-3.3-MG-kernel_zran3_1,C,47,4,3,0,3,0,3749228176,4,74984563.52,1,0.0,15.7,CPU,2304.378426,3.16,0.32,2304.378426,7292.702125
npb-3.3-MG-kernel_zran3_1,S,47,4,3,0,3,0,1209360,4,24187.2,1,0.0,15.7,CPU,1.103278,3.39,0.29,1.103278,3.740557
npb-3.3-MG-kernel_zran3_1,W,47,4,3,0,3,0,61898192,4,1237963.84,1,0.0,15.7,CPU,35.53405,3.51,0.28,35.534050,124.797171
npb-3.3-MG-kernel_zran3_2,A,74,18,77,0,98,0,477311792,4,3161005.245033,1.27,0.0,0.961,CPU,211.740111,4.35,0.23,211.740111,920.467939
npb-3.3-MG-kernel_zran3_2,B,74,18,77,0,98,0,477315888,4,3161032.370861,1.27,0.0,0.961,CPU,212.766326,4.34,0.23,212.766326,922.649565
npb-3.3-MG-kernel_zran3_2,C,74,18,77,0,98,0,3749228176,4,24829325.668874,1.27,0.0,0.961,CPU,1994.040473,3.58,0.28,1994.040473,7135.345530
npb-3.3-MG-kernel_zran3_2,S,74,18,77,0,98,0,1209360,4,8009.006623,1.27,0.0,0.961,CPU,1.074993,4.59,0.22,1.074993,4.933565
npb-3.3-MG-kernel_zran3_2,W,74,18,77,0,98,0,61898192,4,409921.801325,1.27,0.0,0.961,CPU,30.714688,4.09,0.24,30.714688,125.536563
npb-3.3-MG-kernel_zran3_3,A,6,3,1,0,0,0,477311792,64,68187398.857143,0,0.0,6,CPU,357.668953,2.48,0.40,357.668953,888.325696
npb-3.3-MG-kernel_zran3_3,B,6,3,1,0,0,0,477315888,64,68187984.0,0,0.0,6,CPU,358.171733,2.49,0.40,358.171733,890.512013
npb-3.3-MG-kernel_zran3_3,C,6,3,1,0,0,0,3749228176,64,535604025.142857,0,0.0,6,CPU,3183.317975,2.20,0.45,3183.317975,7012.809430
npb-3.3-MG-kernel_zran3_3,S,6,3,1,0,0,0,1209360,64,172765.714286,0,0.0,6,CPU,1.316781,2.37,0.42,1.316781,3.126688
npb-3.3-MG-kernel_zran3_3,W,6,3,1,0,0,0,61898192,64,8842598.857143,0,0.0,6,CPU,49.901062,2.31,0.43,49.901062,115.426221
npb-3.3-SP-add,A,28,4,2,0,3,0,113095432,62,3769847.733333,1.5,0.0,14,GPU,0.494784,3.17,0.32,1.568146,0.494784
npb-3.3-SP-add,B,28,4,2,0,3,0,454882552,32,15162751.733333,1.5,0.0,14,GPU,0.932716,7.35,0.14,6.853039,0.932716
npb-3.3-SP-add,C,28,4,2,0,3,0,1815065192,64,60502173.066667,1.5,0.0,14,GPU,4.35529,6.07,0.16,26.443100,4.355290
npb-3.3-SP-add,S,28,4,2,0,3,0,804152,60,26805.066667,1.5,0.0,14,GPU,0.075779,1.15,0.87,0.087243,0.075779
npb-3.3-SP-add,W,28,4,2,0,3,0,20402112,34,680070.4,1.5,0.0,14,GPU,0.123975,1.43,0.70,0.177355,0.123975
npb-3.3-SP-compute_rhs1,A,127,3,8,0,12,0,113095432,64,837743.940741,1.5,0.0,15.9,GPU,0.264244,8.67,0.12,2.291522,0.264244
npb-3.3-SP-compute_rhs1,B,127,3,8,0,12,0,454882552,32,3369500.385185,1.5,0.0,15.9,GPU,0.789467,12.89,0.08,10.174909,0.789467
npb-3.3-SP-compute_rhs1,C,127,3,8,0,12,0,1815065192,64,13444927.348148,1.5,0.0,15.9,GPU,3.025689,11.96,0.08,36.173668,3.025689
npb-3.3-SP-compute_rhs1,S,127,3,8,0,12,0,804152,60,5956.681481,1.5,0.0,15.9,GPU,0.076452,1.19,0.84,0.091148,0.076452
npb-3.3-SP-compute_rhs1,W,127,3,8,0,12,0,20402112,36,151126.755556,1.5,0.0,15.9,GPU,0.114882,2.37,0.42,0.272451,0.114882
npb-3.3-SP-compute_rhs2,A,27,4,2,0,2,0,113095432,64,3899842.482759,1,0.0,13.5,GPU,0.441266,4.24,0.24,1.872973,0.441266
npb-3.3-SP-compute_rhs2,B,27,4,2,0,2,0,454882552,32,15685605.241379,1,0.0,13.5,GPU,0.745592,9.65,0.10,7.192914,0.745592
npb-3.3-SP-compute_rhs2,C,27,4,2,0,2,0,1815065192,64,62588454.896552,1,0.0,13.5,GPU,3.648791,7.76,0.13,28.330089,3.648791
npb-3.3-SP-compute_rhs2,S,27,4,2,0,2,0,804152,60,27729.37931,1,0.0,13.5,GPU,0.075765,1.15,0.87,0.087050,0.075765
npb-3.3-SP-compute_rhs2,W,27,4,2,0,2,0,20402112,36,703521.103448,1,0.0,13.5,GPU,0.117512,2.48,0.40,0.291652,0.117512
npb-3.3-SP-compute_rhs3,A,1257,23,8,0,107,0,113095432,62,89403.503557,13.4,0.0,157,GPU,1.274234,2.21,0.45,2.820793,1.274234
npb-3.3-SP-compute_rhs3,B,1257,23,8,0,107,0,454882552,32,359590.950198,13.4,0.0,157,GPU,5.73091,2.02,0.50,11.548587,5.730910
npb-3.3-SP-compute_rhs3,C,1257,23,8,0,107,0,1815065192,64,1434834.143874,13.4,0.0,157,GPU,25.968725,2.01,0.50,52.150718,25.968725
npb-3.3-SP-compute_rhs3,S,1257,23,8,0,107,0,804152,60,635.693281,13.4,0.0,157,CPU,0.09338,1.09,0.92,0.093380,0.101566
npb-3.3-SP-compute_rhs3,W,1257,23,8,0,107,0,20402112,34,16128.151779,13.4,0.0,157,GPU,0.23215,2.21,0.45,0.513153,0.232150
npb-3.3-SP-compute_rhs4,A,1257,23,8,0,107,0,113095432,62,89403.503557,13.4,0.0,157,GPU,0.481165,9.08,0.11,4.370217,0.481165
npb-3.3-SP-compute_rhs4,B,1257,23,8,0,107,0,454882552,32,359590.950198,13.4,0.0,157,GPU,1.978411,8.43,0.12,16.679232,1.978411
npb-3.3-SP-compute_rhs4,C,1257,23,8,0,107,0,1815065192,64,1434834.143874,13.4,0.0,157,GPU,5.837442,13.70,0.07,79.966361,5.837442
npb-3.3-SP-compute_rhs4,S,1257,23,8,0,107,0,804152,60,635.693281,13.4,0.0,157,CPU,0.088624,1.12,0.89,0.088624,0.099552
npb-3.3-SP-compute_rhs4,W,1257,23,8,0,107,0,20402112,34,16128.151779,13.4,0.0,157,GPU,0.223796,2.42,0.41,0.542394,0.223796
npb-3.3-SP-compute_rhs5,A,1260,23,8,0,87,0,113095432,62,89191.981073,10.9,0.0,158,GPU,0.478202,11.11,0.09,5.314076,0.478202
npb-3.3-SP-compute_rhs5,B,1260,23,8,0,87,0,454882552,32,358740.182965,10.9,0.0,158,GPU,1.978434,9.85,0.10,19.478835,1.978434
npb-3.3-SP-compute_rhs5,C,1260,23,8,0,87,0,1815065192,64,1431439.425868,10.9,0.0,158,GPU,5.836749,13.79,0.07,80.492900,5.836749
npb-3.3-SP-compute_rhs5,S,1260,23,8,0,87,0,804152,60,634.189274,10.9,0.0,158,CPU,0.091041,1.09,0.92,0.091041,0.099300
npb-3.3-SP-compute_rhs5,W,1260,23,8,0,87,0,20402112,34,16089.993691,10.9,0.0,158,GPU,0.223402,3.09,0.32,0.691142,0.223402
npb-3.3-SP-compute_rhs6,A,16,4,1,0,2,0,113095432,62,6652672.470588,2,0.0,16,GPU,0.242168,2.72,0.37,0.659712,0.242168
npb-3.3-SP-compute_rhs6,B,16,4,1,0,2,0,454882552,32,26757797.176471,2,0.0,16,GPU,0.785554,5.71,0.17,4.488884,0.785554
npb-3.3-SP-compute_rhs6,C,16,4,1,0,2,0,1815065192,64,106768540.705882,2,0.0,16,GPU,3.018157,5.69,0.18,17.174400,3.018157
npb-3.3-SP-compute_rhs6,S,16,4,1,0,2,0,804152,60,47303.058824,2,0.0,16,GPU,0.075241,1.10,0.91,0.083071,0.075241
npb-3.3-SP-compute_rhs6,W,16,4,1,0,2,0,20402112,34,1200124.235294,2,0.0,16,GPU,0.109014,1.49,0.67,0.162801,0.109014
npb-3.3-SP-error_norm,A,52,10,11,8,2,0,113094832,6,1795156.063492,0.182,4.363636,4.73,CPU,1.857705,2.44,0.41,1.857705,4.529619
npb-3.3-SP-error_norm,B,52,10,11,8,2,0,454882072,10,7220350.349206,0.182,7.272727,4.73,CPU,8.307993,1.28,0.78,8.307993,10.629466
npb-3.3-SP-error_norm,C,52,10,11,8,2,0,1815065192,16,28810558.603175,0.182,11.636364,4.73,GPU,28.37936,1.02,0.98,29.020662,28.379360
npb-3.3-SP-error_norm,S,52,10,11,8,2,0,804152,1,12764.31746,0.182,0.727273,4.73,CPU,0.099104,1.91,0.52,0.099104,0.189734
npb-3.3-SP-error_norm,W,52,10,11,8,2,0,20401432,3,323832.253968,0.182,2.181818,4.73,CPU,0.483186,3.27,0.31,0.483186,1.580973
npb-3.3-SP-exact_rhs1,A,12,4,1,0,1,0,113095432,64,8699648.615385,1,0.0,12,GPU,0.22183,27.07,0.04,6.005416,0.221830
npb-3.3-SP-exact_rhs1,B,12,4,1,0,1,0,454882552,32,34990965.538462,1,0.0,12,GPU,0.650362,35.85,0.03,23.314557,0.650362
npb-3.3-SP-exact_rhs1,C,12,4,1,0,1,0,1815065192,64,139620399.384615,1,0.0,12,GPU,2.283558,43.18,0.02,98.608798,2.283558
npb-3.3-SP-exact_rhs1,S,12,4,1,0,1,0,804152,60,61857.846154,1,0.0,12,GPU,0.084749,3.67,0.27,0.310777,0.084749
npb-3.3-SP-exact_rhs1,W,12,4,1,0,1,0,20402112,36,1569393.230769,1,0.0,12,GPU,0.112019,3.82,0.26,0.428305,0.112019
npb-3.3-SP-exact_rhs2,A,340,26,5,0,112,0,113095432,62,327812.846377,22.4,0.0,68,GPU,8.980768,1.27,0.79,11.397604,8.980768
npb-3.3-SP-exact_rhs2,B,340,26,5,0,112,0,454882552,32,1318500.150725,22.4,0.0,68,GPU,41.020762,1.16,0.86,47.448023,41.020762
npb-3.3-SP-exact_rhs2,C,340,26,5,0,112,0,1815064752,64,5261057.252174,22.4,0.0,68,CPU,144.091447,1.40,0.71,144.091447,201.924781
npb-3.3-SP-exact_rhs2,S,340,26,5,0,112,0,804152,60,2330.875362,22.4,0.0,68,CPU,0.180384,1.09,0.92,0.180384,0.196205
npb-3.3-SP-exact_rhs2,W,340,26,5,0,112,0,20402112,34,59136.556522,22.4,0.0,68,GPU,0.691347,1.33,0.75,0.921869,0.691347
npb-3.3-SP-exact_rhs3,A,340,26,5,0,112,0,113094832,62,327811.107246,22.4,0.0,68,CPU,5.104108,1.44,0.69,5.104108,7.355840
npb-3.3-SP-exact_rhs3,B,340,26,5,0,112,0,454882072,32,1318498.75942,22.4,0.0,68,CPU,18.055821,2.03,0.49,18.055821,36.599789
npb-3.3-SP-exact_rhs3,C,340,26,5,0,112,0,1815064752,64,5261057.252174,22.4,0.0,68,CPU,85.071305,2.17,0.46,85.071305,184.403360
npb-3.3-SP-exact_rhs3,S,340,26,5,0,112,0,804152,60,2330.875362,22.4,0.0,68,CPU,0.165048,1.09,0.92,0.165048,0.179571
npb-3.3-SP-exact_rhs3,W,340,26,5,0,112,0,20402112,34,59136.556522,22.4,0.0,68,GPU,0.59543,1.25,0.80,0.746234,0.595430
npb-3.3-SP-exact_rhs4,A,340,26,5,0,112,0,113094832,62,327811.107246,22.4,0.0,68,CPU,5.097334,1.48,0.68,5.097334,7.543866
npb-3.3-SP-exact_rhs4,B,340,26,5,0,112,0,454882072,32,1318498.75942,22.4,0.0,68,CPU,22.067384,1.65,0.60,22.067384,36.508346
npb-3.3-SP-exact_rhs4,C,340,26,5,0,112,0,1815064752,64,5261057.252174,22.4,0.0,68,CPU,99.498498,1.85,0.54,99.498498,184.558355
npb-3.3-SP-exact_rhs4,S,340,26,5,0,112,0,804152,60,2330.875362,22.4,0.0,68,CPU,0.172088,1.03,0.97,0.172088,0.176877
npb-3.3-SP-exact_rhs4,W,340,26,5,0,112,0,20402112,34,59136.556522,22.4,0.0,68,GPU,0.615648,1.26,0.80,0.773709,0.615648
npb-3.3-SP-exact_rhs5,A,19,4,1,0,2,0,113095432,62,5654771.6,2,0.0,19,GPU,0.253978,4.04,0.25,1.025288,0.253978
npb-3.3-SP-exact_rhs5,B,19,4,1,0,2,0,454882552,32,22744127.6,2,0.0,19,GPU,0.788794,6.04,0.17,4.767701,0.788794
npb-3.3-SP-exact_rhs5,C,19,4,1,0,2,0,1815065192,64,90753259.6,2,0.0,19,GPU,3.038336,5.78,0.17,17.555286,3.038336
npb-3.3-SP-exact_rhs5,S,19,4,1,0,2,0,804152,60,40207.6,2,0.0,19,GPU,0.075776,1.53,0.65,0.115866,0.075776
npb-3.3-SP-exact_rhs5,W,19,4,1,0,2,0,20402112,34,1020105.6,2,0.0,19,GPU,0.110426,1.97,0.51,0.217316,0.110426
npb-3.3-SP-initialize1,A,12,4,1,0,1,0,113095432,64,8699648.615385,1,0.0,12,GPU,0.287875,11.21,0.09,3.227895,0.287875
npb-3.3-SP-initialize1,B,12,4,1,0,1,0,454882552,32,34990965.538462,1,0.0,12,GPU,1.376243,9.86,0.10,13.567637,1.376243
npb-3.3-SP-initialize1,C,12,4,1,0,1,0,1815065192,64,139620399.384615,1,0.0,12,GPU,7.256387,6.30,0.16,45.751465,7.256387
npb-3.3-SP-initialize1,S,12,4,1,0,1,0,804152,60,61857.846154,1,0.0,12,GPU,0.081014,1.41,0.71,0.114504,0.081014
npb-3.3-SP-initialize1,W,12,4,1,0,1,0,20402112,36,1569393.230769,1,0.0,12,GPU,0.117267,1.56,0.64,0.182473,0.117267
npb-3.3-SP-initialize2,A,116,10,7,0,40,0,113095432,64,919475.056911,5.71,0.0,16.6,GPU,1.184432,8.20,0.12,9.709254,1.184432
npb-3.3-SP-initialize2,B,116,10,7,0,40,0,454882552,32,3698232.130081,5.71,0.0,16.6,GPU,5.617242,7.13,0.14,40.034870,5.617242
npb-3.3-SP-initialize2,C,116,10,7,0,40,0,1815065192,64,14756627.577236,5.71,0.0,16.6,GPU,21.030755,7.44,0.13,156.521895,21.030755
npb-3.3-SP-initialize2,S,116,10,7,0,40,0,804152,60,6537.821138,5.71,0.0,16.6,GPU,0.08912,1.86,0.54,0.165327,0.089120
npb-3.3-SP-initialize2,W,116,10,7,0,40,0,20402112,36,165870.829268,5.71,0.0,16.6,GPU,0.433421,4.22,0.24,1.827821,0.433421
npb-3.3-SP-initialize3,A,67,6,5,0,28,0,113095432,64,1570769.888889,5.6,0.0,13.4,GPU,0.097626,1.40,0.71,0.136852,0.097626
npb-3.3-SP-initialize3,B,67,6,5,0,28,0,454882552,32,6317813.222222,5.6,0.0,13.4,GPU,0.132582,2.09,0.48,0.277212,0.132582
npb-3.3-SP-initialize3,C,67,6,5,0,28,0,1815065192,64,25209238.777778,5.6,0.0,13.4,GPU,0.217002,2.80,0.36,0.606768,0.217002
npb-3.3-SP-initialize3,S,67,6,5,0,28,0,804152,60,11168.777778,5.6,0.0,13.4,GPU,0.085837,1.16,0.86,0.099852,0.085837
npb-3.3-SP-initialize3,W,67,6,5,0,28,0,20402112,36,283362.666667,5.6,0.0,13.4,GPU,0.091488,1.06,0.94,0.096988,0.091488
npb-3.3-SP-initialize4,A,67,6,5,0,28,0,113095432,64,1570769.888889,5.6,0.0,13.4,GPU,0.095882,1.54,0.65,0.147531,0.095882
npb-3.3-SP-initialize4,B,67,6,5,0,28,0,454882552,32,6317813.222222,5.6,0.0,13.4,GPU,0.128928,1.88,0.53,0.242040,0.128928
npb-3.3-SP-initialize4,C,67,6,5,0,28,0,1815065192,64,25209238.777778,5.6,0.0,13.4,GPU,0.199507,2.07,0.48,0.413540,0.199507
npb-3.3-SP-initialize4,S,67,6,5,0,28,0,804152,60,11168.777778,5.6,0.0,13.4,CPU,0.076343,1.13,0.88,0.076343,0.086464
npb-3.3-SP-initialize4,W,67,6,5,0,28,0,20401432,36,283353.222222,5.6,0.0,13.4,CPU,0.082726,1.11,0.90,0.082726,0.091696
npb-3.3-SP-initialize5,A,67,6,5,0,28,0,113095432,64,1570769.888889,5.6,0.0,13.4,GPU,0.095373,1.54,0.65,0.146839,0.095373
npb-3.3-SP-initialize5,B,67,6,5,0,28,0,454882552,32,6317813.222222,5.6,0.0,13.4,GPU,0.125955,1.84,0.54,0.232088,0.125955
npb-3.3-SP-initialize5,C,67,6,5,0,28,0,1815065192,64,25209238.777778,5.6,0.0,13.4,GPU,0.19385,2.13,0.47,0.412087,0.193850
npb-3.3-SP-initialize5,S,67,6,5,0,28,0,804152,60,11168.777778,5.6,0.0,13.4,CPU,0.084424,1.02,0.98,0.084424,0.086275
npb-3.3-SP-initialize5,W,67,6,5,0,28,0,20402112,36,283362.666667,5.6,0.0,13.4,GPU,0.091546,1.02,0.98,0.093503,0.091546
npb-3.3-SP-ninvr,A,52,3,1,0,10,0,113095432,62,2133876.075472,10,0.0,52,GPU,0.241425,4.46,0.22,1.076992,0.241425
npb-3.3-SP-ninvr,B,52,3,1,0,10,0,454882552,32,8582689.660377,10,0.0,52,GPU,0.781735,6.15,0.16,4.807589,0.781735
npb-3.3-SP-ninvr,C,52,3,1,0,10,0,1815065192,64,34246513.056604,10,0.0,52,GPU,3.024288,5.79,0.17,17.525700,3.024288
npb-3.3-SP-ninvr,S,52,3,1,0,10,0,804152,60,15172.679245,10,0.0,52,GPU,0.075807,1.11,0.90,0.084418,0.075807
npb-3.3-SP-ninvr,W,52,3,1,0,10,0,20402112,34,384945.509434,10,0.0,52,GPU,0.111361,1.58,0.63,0.175687,0.111361
npb-3.3-SP-pinvr,A,52,3,1,0,10,0,113095432,62,2133876.075472,10,0.0,52,GPU,0.241792,4.44,0.23,1.073971,0.241792
npb-3.3-SP-pinvr,B,52,3,1,0,10,0,454882552,32,8582689.660377,10,0.0,52,GPU,0.779997,6.18,0.16,4.817935,0.779997
npb-3.3-SP-pinvr,C,52,3,1,0,10,0,1815065192,64,34246513.056604,10,0.0,52,GPU,3.01305,5.82,0.17,17.544223,3.013050
npb-3.3-SP-pinvr,S,52,3,1,0,10,0,804152,60,15172.679245,10,0.0,52,GPU,0.074913,1.13,0.89,0.084521,0.074913
npb-3.3-SP-pinvr,W,52,3,1,0,10,0,20402112,34,384945.509434,10,0.0,52,GPU,0.110647,1.59,0.63,0.176060,0.110647
npb-3.3-SP-rhs_norm,A,21,9,11,8,2,0,113094832,6,3534213.5,0.182,4.363636,1.91,CPU,0.402366,5.32,0.19,0.402366,2.140109
npb-3.3-SP-rhs_norm,B,21,9,11,8,2,0,454882072,10,14215064.75,0.182,7.272727,1.91,CPU,2.736427,2.05,0.49,2.736427,5.600954
npb-3.3-SP-rhs_norm,C,21,9,11,8,2,0,1815064752,16,56720773.5,0.182,11.636364,1.91,CPU,8.938765,1.66,0.60,8.938765,14.797760
npb-3.3-SP-rhs_norm,S,21,9,11,8,2,0,804152,1,25129.75,0.182,0.727273,1.91,CPU,0.083544,1.30,0.77,0.083544,0.108410
npb-3.3-SP-rhs_norm,W,21,9,11,8,2,0,20401432,3,637544.75,0.182,2.181818,1.91,CPU,0.110376,4.46,0.22,0.110376,0.492294
npb-3.3-SP-txinvr,A,144,3,7,0,16,0,113095432,62,748976.370861,2.29,0.0,20.6,GPU,0.304546,6.40,0.16,1.949146,0.304546
npb-3.3-SP-txinvr,B,144,3,7,0,16,0,454882552,32,3012467.231788,2.29,0.0,20.6,GPU,0.966128,8.69,0.12,8.398740,0.966128
npb-3.3-SP-txinvr,C,144,3,7,0,16,0,1815065192,64,12020299.284768,2.29,0.0,20.6,GPU,3.752658,8.07,0.12,30.281580,3.752658
npb-3.3-SP-txinvr,S,144,3,7,0,16,0,804152,60,5325.509934,2.29,0.0,20.6,GPU,0.07627,1.15,0.87,0.087952,0.076270
npb-3.3-SP-txinvr,W,144,3,7,0,16,0,20402112,34,135113.324503,2.29,0.0,20.6,GPU,0.11736,2.13,0.47,0.250235,0.117360
npb-3.3-SP-tzetar,A,129,3,7,0,16,0,113095432,62,831584.058824,2.29,0.0,18.4,GPU,0.328735,7.72,0.13,2.538412,0.328735
npb-3.3-SP-tzetar,B,129,3,7,0,16,0,454882552,32,3344724.647059,2.29,0.0,18.4,GPU,1.108024,8.99,0.11,9.963849,1.108024
npb-3.3-SP-tzetar,C,129,3,7,0,16,0,1815065192,64,13346067.588235,2.29,0.0,18.4,GPU,4.268594,8.53,0.12,36.392268,4.268594
npb-3.3-SP-tzetar,S,129,3,7,0,16,0,804152,60,5912.882353,2.29,0.0,18.4,GPU,0.077206,1.13,0.88,0.087428,0.077206
npb-3.3-SP-tzetar,W,129,3,7,0,16,0,20402112,34,150015.529412,2.29,0.0,18.4,GPU,0.124129,2.73,0.37,0.339303,0.124129
npb-3.3-SP-x_solve,A,829,135,9,0,232,0,113094832,62,134958.033413,25.8,0.0,92.1,CPU,5.191868,1.16,0.86,5.191868,6.022881
npb-3.3-SP-x_solve,B,829,135,9,0,232,0,454882072,32,542818.701671,25.8,0.0,92.1,CPU,22.022122,1.55,0.65,22.022122,34.074250
npb-3.3-SP-x_solve,C,829,135,9,0,232,0,1815064752,64,2165948.391408,25.8,0.0,92.1,CPU,90.055493,1.67,0.60,90.055493,150.468418
npb-3.3-SP-x_solve,S,829,135,9,0,232,0,804152,60,959.608592,25.8,0.0,92.1,CPU,0.095995,1.65,0.60,0.095995,0.158803
npb-3.3-SP-x_solve,W,829,135,9,0,232,0,20401432,34,24345.384248,25.8,0.0,92.1,CPU,0.585437,1.23,0.81,0.585437,0.720145
npb-3.3-SP-y_solve,A,829,135,9,0,233,0,113095432,62,134958.749403,25.9,0.0,92.1,GPU,4.132469,1.40,0.72,5.767824,4.132469
npb-3.3-SP-y_solve,B,829,135,9,0,233,0,454882072,32,542818.701671,25.9,0.0,92.1,CPU,23.865347,1.01,0.99,23.865347,24.087671
npb-3.3-SP-y_solve,C,829,135,9,0,233,0,1815064752,64,2165948.391408,25.9,0.0,92.1,CPU,97.363932,1.09,0.92,97.363932,105.938236
npb-3.3-SP-y_solve,S,829,135,9,0,233,0,804152,60,959.608592,25.9,0.0,92.1,CPU,0.095157,1.59,0.63,0.095157,0.151499
npb-3.3-SP-y_solve,W,829,135,9,0,233,0,20401432,34,24345.384248,25.9,0.0,92.1,CPU,0.520154,1.24,0.81,0.520154,0.644093
npb-3.3-SP-z_solve,A,828,135,9,0,232,0,113095432,62,135119.990442,25.8,0.0,92,GPU,4.111482,1.40,0.71,5.766558,4.111482
npb-3.3-SP-z_solve,B,828,135,9,0,232,0,454882552,32,543467.804062,25.8,0.0,92,GPU,22.752406,1.13,0.88,25.753387,22.752406
npb-3.3-SP-z_solve,C,828,135,9,0,232,0,1815064752,64,2168536.143369,25.8,0.0,92,CPU,100.075927,1.00,1.00,100.075927,100.120810
npb-3.3-SP-z_solve,S,828,135,9,0,232,0,804152,60,960.755078,25.8,0.0,92,CPU,0.09414,1.59,0.63,0.094140,0.149961
npb-3.3-SP-z_solve,W,828,135,9,0,232,0,20401432,34,24374.470729,25.8,0.0,92,CPU,0.542405,1.19,0.84,0.542405,0.644024
nvidia-4.2-DotProduct-DotProduct,default,14,1,9,0,5,0,46006272,256,2000272.695652,0.556,0.0,1.56,CPU,22.445654,1.39,0.72,22.445654,31.087238
nvidia-4.2-FDTD3d-FiniteDifferences,default,45,10,18,9,5,0,452985076,256,7190239.301587,0.278,128.0,2.5,GPU,445.164997,1.80,0.56,800.273766,445.164997
nvidia-4.2-MatVecMul-MatVecMulCoalesced0,default,3,4,5,2,3,0,440404400,256,55050550.0,0.6,102.4,0.6,CPU,226.576003,1.49,0.67,226.576003,337.533472
nvidia-4.2-MatVecMul-MatVecMulCoalesced1,default,6,5,7,4,3,0,440404400,256,33877261.538462,0.429,146.285714,0.857,GPU,308.408134,1.27,0.79,391.300554,308.408134
nvidia-4.2-MatVecMul-MatVecMulCoalesced2,default,5,5,7,4,3,0,440404400,256,36700366.666667,0.429,146.285714,0.714,GPU,307.559469,1.27,0.79,389.403500,307.559469
nvidia-4.2-MatVecMul-MatVecMulCoalesced3,default,14,9,27,22,3,0,440404400,256,10741570.731707,0.111,208.592593,0.519,GPU,305.658541,1.08,0.93,330.279325,305.658541
nvidia-4.2-MatVecMul-MatVecMulUncoalesced0,default,3,2,3,0,3,0,440404400,256,73400733.333333,1,0.0,1,CPU,149.029261,2.29,0.44,149.029261,340.749274
nvidia-4.2-MatVecMul-MatVecMulUncoalesced1,default,3,2,3,0,3,0,440404400,256,73400733.333333,1,0.0,1,CPU,149.311347,2.05,0.49,149.311347,306.494944
nvidia-4.2-MatrixMul-matrixMul,default,23,3,7,4,0,0,179200,256,5973.333333,0,146.285714,3.29,GPU,0.08391,6.55,0.15,0.549730,0.083910
nvidia-4.2-MersenneTwister-BoxMuller,default,26,1,6,0,0,0,96075776,128,3002368.0,0,0.0,4.33,GPU,60.304422,7.05,0.14,425.108332,60.304422
nvidia-4.2-MersenneTwister-MersenneTwister,default,26,4,5,0,4,0,96075776,128,3099218.580645,0.8,0.0,5.2,GPU,59.399565,6.10,0.16,362.543388,59.399565
nvidia-4.2-VectorAdd-VectorAdd,default,1,1,3,0,3,0,137339904,256,34334976.0,1,0.0,0.333,CPU,71.003148,1.26,0.79,71.003148,89.567181
parboil-0.2-bfs-BFS_kernel,1M,2,8,18,2,8,0,71936020,223,3596801.0,0.444,24.777778,0.111,CPU,61.124127,1.67,0.60,61.124127,102.191889
parboil-0.2-bfs-BFS_kernel,NY,2,8,18,2,8,0,12425636,207,621281.8,0.444,23.0,0.111,CPU,18.536833,1.45,0.69,18.536833,26.830900
parboil-0.2-bfs-BFS_kernel,SF,2,8,18,2,8,0,88080156,255,4404007.8,0.444,28.333333,0.111,CPU,45.644763,1.89,0.53,45.644763,86.146882
parboil-0.2-bfs-BFS_kernel,UT,2,8,18,2,8,0,10691676,171,534583.8,0.444,19.0,0.111,CPU,20.256719,1.49,0.67,20.256719,30.275927
parboil-0.2-cutcp-opencl_cutoff_potential_lattice,large,102,8,14,6,2,0,40211252,128,346648.724138,0.143,54.857143,7.29,GPU,55.864664,25.87,0.04,1445.190685,55.864664
parboil-0.2-cutcp-opencl_cutoff_potential_lattice,small,102,8,14,6,2,0,3376052,128,29103.896552,0.143,54.857143,7.29,GPU,5.166842,35.31,0.03,182.443401,5.166842
parboil-0.2-lbm-performStreamCollide_kernel,long,780,0,42,0,0,0,378470400,120,460426.277372,0,0.0,18.6,CPU,173.621273,2.15,0.47,173.621273,373.336252
parboil-0.2-lbm-performStreamCollide_kernel,short,780,0,42,0,0,0,378470400,120,460426.277372,0,0.0,18.6,CPU,173.712334,2.15,0.46,173.712334,373.863821
parboil-0.2-sad-larger_sad_calc_16,default,84,1,4,0,8,0,17845344,32,202788.0,2,0.0,21,CPU,2.375364,2.26,0.44,2.375364,5.376147
parboil-0.2-sad-larger_sad_calc_16,large,84,1,4,0,8,0,1449258240,32,16468843.636364,2,0.0,21,CPU,213.106556,2.04,0.49,213.106556,434.472666
parboil-0.2-sad-larger_sad_calc_8,default,110,2,4,0,8,0,17845344,128,156538.105263,2,0.0,27.5,CPU,2.760186,1.97,0.51,2.760186,5.430150
parboil-0.2-sad-larger_sad_calc_8,large,110,2,4,0,8,0,1449258240,128,12712791.578947,2,0.0,27.5,CPU,256.054548,1.72,0.58,256.054548,439.536058
parboil-0.2-sad-mb_sad_calc,default,55,6,3,0,1,0,17845344,61,307678.344828,0.333,0.0,18.3,GPU,6.030547,8.72,0.11,52.599774,6.030547
parboil-0.2-sad-mb_sad_calc,large,55,6,3,0,1,0,1449258240,61,24987211.034483,0.333,0.0,18.3,GPU,483.754477,8.80,0.11,4258.258081,483.754477
parboil-0.2-spmv-A,large,3,2,5,0,5,0,30901580,192,3862697.5,1,0.0,0.6,CPU,15.51368,1.41,0.71,15.513680,21.814216
parboil-0.2-spmv-A,medium,3,2,5,0,5,0,1384528,32,173066.0,1,0.0,0.6,CPU,0.891747,1.39,0.72,0.891747,1.243547
parboil-0.2-spmv-A,small,3,2,5,0,5,0,89240,32,11155.0,1,0.0,0.6,GPU,0.179415,1.62,0.62,0.289822,0.179415
parboil-0.2-stencil-naive_kernel,default,50,1,8,0,8,0,134217728,256,2314098.758621,1,0.0,6.25,CPU,97.169171,1.35,0.74,97.169171,131.495658
parboil-0.2-stencil-naive_kernel,small,50,1,8,0,8,0,4194304,256,72315.586207,1,0.0,6.25,GPU,4.397409,1.09,0.91,4.812920,4.397409
polybench-gpu-1.0-2DConvolution-Convolution2D_kernel,default,57,4,10,0,0,0,134217728,256,2003249.671642,0,0.0,5.7,GPU,86.724045,1.15,0.87,100.052011,86.724045
polybench-gpu-1.0-2mm-mm2_kernel1,default,7,3,3,0,0,0,83886080,256,8388608.0,0,0.0,2.33,GPU,192.797613,148.39,0.01,28608.942738,192.797613
polybench-gpu-1.0-2mm-mm2_kernel2,default,7,3,3,0,0,0,83886080,256,8388608.0,0,0.0,2.33,GPU,193.700102,143.57,0.01,27809.232172,193.700102
polybench-gpu-1.0-3DConvolution-Convolution3D_kernel,default,162,6,17,0,0,0,134217728,256,749819.709497,0,0.0,9.53,CPU,61.52784,2.12,0.47,61.527840,130.420241
polybench-gpu-1.0-3mm-mm3_kernel1,default,7,3,3,0,0,0,7340032,256,734003.2,0,0.0,2.33,GPU,8.792845,8.07,0.12,70.970723,8.792845
polybench-gpu-1.0-3mm-mm3_kernel2,default,7,3,3,0,0,0,7340032,256,734003.2,0,0.0,2.33,GPU,8.822573,7.97,0.13,70.313020,8.822573
polybench-gpu-1.0-3mm-mm3_kernel3,default,7,3,3,0,0,0,7340032,256,734003.2,0,0.0,2.33,GPU,8.797613,7.98,0.13,70.192432,8.797613
polybench-gpu-1.0-atax-atax_kernel1,default,3,2,3,0,2,0,67158016,256,11193002.666667,0.667,0.0,1,CPU,26.949136,1.75,0.57,26.949136,47.084806
polybench-gpu-1.0-atax-atax_kernel2,default,3,2,3,0,2,0,67158016,256,11193002.666667,0.667,0.0,1,GPU,46.429901,2.46,0.41,114.380868,46.429901
polybench-gpu-1.0-bicg-bicgKernel1,default,3,2,4,0,3,0,67174400,256,9596342.857143,0.75,0.0,0.75,CPU,27.67397,1.70,0.59,27.673970,47.118682
polybench-gpu-1.0-bicg-bicgKernel2,default,3,2,4,0,3,0,67174400,256,9596342.857143,0.75,0.0,0.75,GPU,46.467942,2.39,0.42,111.096191,46.467942
polybench-gpu-1.0-correlation-corr_kernel,default,23,4,6,0,0,0,33603600,256,1158744.827586,0,0.0,3.83,GPU,2166.647302,2.50,0.40,5417.521422,2166.647302
polybench-gpu-1.0-correlation-mean_kernel,default,6,3,4,0,3,0,33603600,256,3360360.0,0.75,0.0,1.5,CPU,25.37265,1.33,0.75,25.372650,33.808365
polybench-gpu-1.0-correlation-reduce_kernel,default,26,4,4,0,2,0,33603600,256,1120120.0,0.5,0.0,6.5,CPU,30.556461,1.09,0.92,30.556461,33.287757
polybench-gpu-1.0-correlation-std_kernel,default,27,4,11,0,9,0,33603600,256,884305.263158,0.818,0.0,2.45,CPU,25.721419,1.31,0.76,25.721419,33.809453
polybench-gpu-1.0-covariance-covar_kernel,default,23,4,6,0,0,0,33595404,256,1158462.206897,0,0.0,3.83,GPU,2185.144691,2.52,0.40,5510.626772,2185.144691
polybench-gpu-1.0-covariance-mean_kernel,default,6,3,4,0,3,0,33595404,256,3359540.4,0.75,0.0,1.5,CPU,24.214302,1.39,0.72,24.214302,33.622797
polybench-gpu-1.0-covariance-reduce_kernel,default,7,4,2,0,1,0,33595404,256,3732822.666667,0.5,0.0,3.5,CPU,24.19916,1.36,0.73,24.199160,33.027296
polybench-gpu-1.0-gemm-gemm,default,10,3,4,0,0,0,3145728,256,224694.857143,0,0.0,2.5,GPU,5.232237,13.55,0.07,70.897543,5.232237
polybench-gpu-1.0-gesummv-gesummv_kernel,default,9,2,9,0,7,0,134266880,256,7459271.111111,0.778,0.0,1,CPU,51.696795,1.82,0.55,51.696795,93.866067
polybench-gpu-1.0-gramschmidt-gramschmidt_kernel1,default,22,2,3,0,0,0,100663296,256,4026531.84,0,0.0,7.33,CPU,23.390468,1.84,0.54,23.390468,42.955298
polybench-gpu-1.0-gramschmidt-gramschmidt_kernel2,default,7,1,3,0,0,0,100663296,256,10066329.6,0,0.0,2.33,CPU,23.411221,1.82,0.55,23.411221,42.710883
polybench-gpu-1.0-gramschmidt-gramschmidt_kernel3,default,16,4,7,0,0,0,100663296,256,4376665.043478,0,0.0,2.29,GPU,44.291337,1.62,0.62,71.818417,44.291337
polybench-gpu-1.0-mvt-mvt_kernel1,default,3,2,3,0,2,0,134348800,256,22391466.666667,0.667,0.0,1,CPU,47.802033,1.97,0.51,47.802033,94.198816
polybench-gpu-1.0-mvt-mvt_kernel2,default,3,2,3,0,2,0,134348800,256,22391466.666667,0.667,0.0,1,GPU,91.805651,1.46,0.69,133.737262,91.805651
polybench-gpu-1.0-syr2k-syr2k_kernel,default,17,3,6,0,0,0,50331648,256,2188332.521739,0,0.0,2.83,GPU,1880.040512,1.78,0.56,3339.966119,1880.040512
polybench-gpu-1.0-syrk-syrk_kernel,default,10,3,4,0,0,0,8388608,256,599186.285714,0,0.0,2.5,GPU,99.987814,3.05,0.33,304.986180,99.987814
rodinia-3.1-backprop-bpnn_adjust_weights_ocl,default,28,2,14,0,14,0,9437460,256,224701.428571,1,0.0,2,CPU,8.460302,1.53,0.65,8.460302,12.936256
rodinia-3.1-backprop-bpnn_layerforward_ocl,default,37,4,14,10,3,0,9437460,256,185048.235294,0.214,182.857143,2.64,GPU,12.803757,1.10,0.91,14.083006,12.803757
rodinia-3.1-bfs-BFS_1,default,2,2,10,0,10,0,38999881,256,3249990.083333,1,0.0,0.2,CPU,13.359851,2.54,0.39,13.359851,33.996683
rodinia-3.1-bfs-BFS_2,default,0,1,5,0,4,0,38999881,256,7799976.2,0.8,0.0,0,CPU,12.657346,2.65,0.38,12.657346,33.588006
rodinia-3.1-cfd-compute_flux,default,280,5,19,0,0,0,12824132,192,42890.073579,0,0.0,14.7,GPU,6.129908,1.49,0.67,9.112580,6.129908
rodinia-3.1-cfd-compute_step_factor,default,77,1,7,0,2,0,12824132,192,152668.238095,0.286,0.0,11,GPU,6.065048,1.05,0.95,6.393171,6.065048
rodinia-3.1-cfd-initialize_variables,default,4,2,1,0,0,0,12824132,192,2564826.4,0,0.0,4,CPU,5.827221,1.04,0.96,5.827221,6.058534
rodinia-3.1-cfd-memset_kernel,default,0,1,1,0,1,0,12824132,192,12824132.0,1,0.0,0,CPU,5.73952,1.05,0.95,5.739520,6.038355
rodinia-3.1-cfd-time_step,default,55,1,16,0,1,0,12824132,192,180621.577465,0.0625,0.0,3.44,CPU,5.62095,1.08,0.93,5.620950,6.071564
rodinia-3.1-gaussian-Fan1,default,16,1,3,0,0,0,525312,0,27648.0,0,0.0,5.33,CPU,0.367199,2.33,0.43,0.367199,0.854149
rodinia-3.1-gaussian-Fan2,default,24,3,6,0,1,0,525312,0,17510.4,0.167,0.0,4,CPU,0.443847,1.94,0.52,0.443847,0.859673
rodinia-3.1-hotspot-hotspot,default,60,22,18,15,3,0,3145728,256,40329.846154,0.167,213.333333,3.33,GPU,0.731987,9.03,0.11,6.608324,0.731987
rodinia-3.1-kmeans-kmeans_kernel_c,default,11,4,5,0,1,0,136350200,256,8521887.5,0.2,0.0,2.2,GPU,92.492152,1.71,0.59,157.720721,92.492152
rodinia-3.1-kmeans-kmeans_swap,default,4,2,2,0,0,0,136350200,256,22725033.333333,0,0.0,2,CPU,89.781172,1.06,0.94,89.781172,95.064845
rodinia-3.1-lavaMD-kernel_gpu_opencl,default,48,7,32,21,4,0,4256000,128,53200.0,0.125,84.0,1.5,GPU,9.991411,102.54,0.01,1024.542367,9.991411
rodinia-3.1-leukocyte-GICOV_kernel,default,34,4,3,0,2,0,11693572,256,316042.486486,0.667,0.0,11.3,GPU,14.424173,7.77,0.13,112.114833,14.424173
rodinia-3.1-leukocyte-IMGVF_kernel,default,136,22,26,21,4,0,11693572,256,72182.54321,0.154,206.769231,5.23,GPU,17.082582,22.65,0.04,386.877191,17.082582
rodinia-3.1-leukocyte-dilate_kernel,default,14,10,2,0,1,0,11693572,176,730848.25,0.5,0.0,7,GPU,13.154381,3.22,0.31,42.386673,13.154381
rodinia-3.1-lud-lud_diagonal,default,33,7,12,10,0,0,4194304,16,93206.755556,0,13.333333,2.75,CPU,3.743309,1.48,0.68,3.743309,5.537408
rodinia-3.1-lud-lud_internal,default,27,1,7,4,0,0,4194304,256,123361.882353,0,146.285714,3.86,GPU,5.54674,1.09,0.91,6.069057,5.546740
rodinia-3.1-lud-lud_perimeter,default,68,13,20,14,0,0,4194304,32,47662.545455,0,22.4,3.4,CPU,3.808204,1.45,0.69,3.808204,5.538377
rodinia-3.1-nn-NearestNeighbor,default,24,1,2,0,0,0,513168,0,19737.230769,0,0.0,12,CPU,0.417144,1.10,0.91,0.417144,0.457363
rodinia-3.1-nw-nw_kernel1,default,108,11,20,15,1,0,50380812,16,393600.09375,0.05,12.0,5.4,CPU,17.709535,1.85,0.54,17.709535,32.737122
rodinia-3.1-nw-nw_kernel2,default,109,11,20,15,2,0,50380812,16,390548.930233,0.1,12.0,5.45,CPU,17.661253,1.85,0.54,17.661253,32.736686
rodinia-3.1-particlefilter-find_index_kernel,default,1,4,6,0,6,0,126564393,512,18080627.571429,1,0.0,0.167,CPU,103.66546,7.51,0.13,103.665460,778.756044
rodinia-3.1-particlefilter-likelihood_kernel,default,139,11,53,5,34,0,126564393,512,659189.546875,0.642,48.301887,2.62,GPU,58.607688,1.56,0.64,91.718113,58.607688
rodinia-3.1-particlefilter-normalize_weights_kernel,default,11,6,21,0,14,0,126564393,512,3955137.28125,0.667,0.0,0.524,CPU,14.746386,7.59,0.13,14.746386,111.906640
rodinia-3.1-particlefilter-sum_kernel,default,1,2,2,0,2,0,126564393,512,42188131.0,1,0.0,0.5,CPU,13.862587,2.47,0.40,13.862587,34.294434
rodinia-3.1-pathfinder-dynproc_kernel,default,25,16,13,8,5,0,40465536,1000,1064882.526316,0.385,615.384615,1.92,GPU,4.209037,66.82,0.01,281.258770,4.209037
rodinia-3.1-streamcluster-memset_kernel,default,0,0,1,0,1,0,80543744,256,80543744.0,1,0.0,0,CPU,777.894567,4.68,0.21,777.894567,3640.236157
rodinia-3.1-streamcluster-pgain_kernel,default,16,5,13,3,7,0,80543744,256,2777370.482759,0.538,59.076923,1.23,CPU,863.501096,4.22,0.24,863.501096,3640.754419
shoc-1.1.5-BFS-BFS_kernel_warp,default,15,6,8,0,6,0,40004,1024,1739.304348,0.75,0.0,1.88,CPU,2.306351,1.47,0.68,2.306351,3.390369
shoc-1.1.5-FFT-chk1D_512,default,6,5,5,0,0,0,6291464,64,571951.272727,0,0.0,1.2,CPU,3.016713,2.33,0.43,3.016713,7.014929
shoc-1.1.5-FFT-fft1D_512,default,569,12,22,16,0,0,6291464,64,10645.455161,0,46.545455,25.9,CPU,4.234063,1.68,0.60,4.234063,7.095425
shoc-1.1.5-FFT-ifft1D_512,default,571,13,22,16,0,0,6291464,64,10609.551433,0,46.545455,26,CPU,4.232859,1.68,0.60,4.232859,7.096718
shoc-1.1.5-GEMM-sgemmNN,default,294,4,288,260,9,0,2359296,64,4053.773196,0.0312,57.777778,1.02,CPU,7.631515,3.07,0.33,7.631515,23.414678
shoc-1.1.5-GEMM-sgemmNT,default,154,5,147,130,6,0,2359296,64,7838.192691,0.0408,56.598639,1.05,CPU,8.993403,2.60,0.38,8.993403,23.415551
shoc-1.1.5-MD-compute_lj_force,default,20,2,4,0,3,0,27525120,128,1146880.0,0.75,0.0,5,CPU,15.326464,1.17,0.85,15.326464,17.951209
shoc-1.1.5-MD5Hash-FindKeyWithDigest_Kernel,default,686,6,13,0,12,0,280,256,0.400572,0.923,0.0,52.8,GPU,2.834735,71.69,0.01,203.213701,2.834735
shoc-1.1.5-Reduction-reduce,default,10,4,8,5,1,0,4195840,256,233102.222222,0.125,160.0,1.25,CPU,2.117275,1.44,0.70,2.117275,3.045316
shoc-1.1.5-S3D-gr_base,default,167,1,48,0,0,0,57594120,128,267879.627907,0,0.0,3.48,CPU,7.021933,1.96,0.51,7.021933,13.735407
shoc-1.1.5-S3D-qssa2_kernel,default,1345,0,361,0,0,0,57594120,128,33759.742087,0,0.0,3.73,CPU,8.66172,1.60,0.63,8.661720,13.821892
shoc-1.1.5-S3D-qssa_kernel,default,1660,0,396,0,0,0,57594120,128,28012.70428,0,0.0,4.19,CPU,8.745994,1.58,0.63,8.745994,13.833280
shoc-1.1.5-S3D-qssab_kernel,default,2206,0,384,0,0,0,57594120,128,22237.111969,0,0.0,5.74,CPU,7.514782,1.83,0.55,7.514782,13.734796
shoc-1.1.5-S3D-ratt10_kernel,default,499,0,22,0,0,0,57594120,128,110545.335893,0,0.0,22.7,CPU,6.149749,2.23,0.45,6.149749,13.735140
shoc-1.1.5-S3D-ratt2_kernel,default,558,0,139,0,0,0,57594120,128,82631.449067,0,0.0,4.01,CPU,6.23194,2.20,0.45,6.231940,13.737840
shoc-1.1.5-S3D-ratt3_kernel,default,576,0,145,0,0,0,57594120,128,79880.887656,0,0.0,3.97,CPU,6.309551,2.18,0.46,6.309551,13.741414
shoc-1.1.5-S3D-ratt4_kernel,default,566,0,143,0,0,0,57594120,128,81232.891396,0,0.0,3.96,CPU,6.344937,2.17,0.46,6.344937,13.741799
shoc-1.1.5-S3D-ratt5_kernel,default,585,0,148,0,0,0,57594120,128,78573.151432,0,0.0,3.95,CPU,6.326207,2.17,0.46,6.326207,13.743812
shoc-1.1.5-S3D-ratt6_kernel,default,587,0,148,0,0,0,57594120,128,78359.346939,0,0.0,3.97,CPU,6.321418,2.17,0.46,6.321418,13.743028
shoc-1.1.5-S3D-ratt7_kernel,default,579,0,146,0,0,0,57594120,128,79440.165517,0,0.0,3.97,CPU,6.301249,2.18,0.46,6.301249,13.744202
shoc-1.1.5-S3D-ratt8_kernel,default,587,0,148,0,0,0,57594120,128,78359.346939,0,0.0,3.97,CPU,6.285722,2.19,0.46,6.285722,13.745042
shoc-1.1.5-S3D-ratt9_kernel,default,746,0,189,0,0,0,57594120,128,61597.989305,0,0.0,3.95,CPU,6.472397,2.12,0.47,6.472397,13.752907
shoc-1.1.5-S3D-ratt_kernel,default,2650,0,207,0,0,0,57594120,128,20158.949947,0,0.0,12.8,CPU,8.545337,1.62,0.62,8.545337,13.832764
shoc-1.1.5-S3D-ratx2_kernel,default,2294,0,669,0,0,0,57594120,128,19437.772528,0,0.0,3.43,GPU,13.85286,1.04,0.96,14.384527,13.852860
shoc-1.1.5-S3D-ratx4_kernel,default,2426,0,702,0,0,0,57594120,128,18412.442455,0,0.0,3.46,GPU,13.866565,1.07,0.93,14.887798,13.866565
shoc-1.1.5-S3D-ratx_kernel,default,1201,1,98,0,0,0,57594120,128,44337.274827,0,0.0,12.3,CPU,8.655694,1.60,0.63,8.655694,13.844573
shoc-1.1.5-S3D-ratxb_kernel,default,1321,1,163,0,0,0,57594120,128,38810.053908,0,0.0,8.1,CPU,8.440195,1.64,0.61,8.440195,13.828788
shoc-1.1.5-S3D-rdsmh_kernel,default,1878,1,63,0,0,0,57594120,128,29672.395672,0,0.0,29.8,CPU,6.483252,2.12,0.47,6.483252,13.753116
shoc-1.1.5-S3D-rdwdot10_kernel,default,1072,0,272,0,4,0,57594120,128,42852.767857,0.0147,0.0,3.94,CPU,6.978079,1.98,0.51,6.978079,13.791315
shoc-1.1.5-S3D-rdwdot2_kernel,default,267,0,69,0,2,0,57594120,128,171411.071429,0.029,0.0,3.87,CPU,5.994753,2.29,0.44,5.994753,13.727387
shoc-1.1.5-S3D-rdwdot3_kernel,default,948,0,244,0,7,0,57594120,128,48317.214765,0.0287,0.0,3.89,CPU,7.038685,1.96,0.51,7.038685,13.778436
shoc-1.1.5-S3D-rdwdot6_kernel,default,416,0,106,0,2,0,57594120,128,110333.563218,0.0189,0.0,3.92,CPU,6.107217,2.25,0.44,6.107217,13.741340
shoc-1.1.5-S3D-rdwdot7_kernel,default,576,0,146,0,2,0,57594120,128,79770.249307,0.0137,0.0,3.95,CPU,6.325321,2.17,0.46,6.325321,13.750960
shoc-1.1.5-S3D-rdwdot8_kernel,default,411,0,104,0,2,0,57594120,128,111833.242718,0.0192,0.0,3.95,CPU,6.207221,2.21,0.45,6.207221,13.741217
shoc-1.1.5-S3D-rdwdot9_kernel,default,492,0,124,0,1,0,57594120,128,93496.948052,0.00806,0.0,3.97,CPU,6.276553,2.19,0.46,6.276553,13.745767
shoc-1.1.5-S3D-rdwdot_kernel,default,693,0,174,0,1,0,57594120,128,66429.204152,0.00575,0.0,3.98,CPU,6.726004,2.05,0.49,6.726004,13.761647
shoc-1.1.5-Scan-bottom_scan,default,13,6,12,5,2,0,8389376,256,335575.04,0.167,106.666667,1.08,CPU,4.931584,3.42,0.29,4.931584,16.880482
shoc-1.1.5-Scan-reduce,default,10,5,6,4,1,0,8389376,256,524336.0,0.167,170.666667,1.67,CPU,4.170566,4.05,0.25,4.170566,16.875218
shoc-1.1.5-Scan-top_scan,default,2,3,8,5,0,0,8389376,256,838937.6,0,160.0,0.25,CPU,4.011485,4.20,0.24,4.011485,16.868038
shoc-1.1.5-Sort-bottom_scan,default,27,10,24,16,5,0,4198400,256,82321.568627,0.208,170.666667,1.12,GPU,8.607596,1.98,0.51,17.005040,8.607596
shoc-1.1.5-Sort-reduce,default,14,6,6,4,1,0,4198400,256,209920.0,0.167,170.666667,2.33,CPU,4.338501,1.95,0.51,4.338501,8.478576
shoc-1.1.5-Sort-top_scan,default,9,6,11,5,0,0,4198400,256,209920.0,0,116.363636,0.818,CPU,1.885541,4.49,0.22,1.885541,8.459673
shoc-1.1.5-Spmv-spmv_csr_scalar_kernel,default,2,2,6,0,6,0,2000628,128,250078.5,1,0.0,0.333,CPU,2.038006,1.79,0.56,2.038006,3.645500
shoc-1.1.5-Spmv-spmv_csr_vector_kernel,default,12,5,11,5,6,0,2000628,128,86983.826087,0.545,58.181818,1.09,CPU,2.03694,1.79,0.56,2.036940,3.642489
shoc-1.1.5-Spmv-spmv_ellpackr_kernel,default,3,2,5,0,5,0,2000628,128,250078.5,1,0.0,0.6,CPU,2.035003,1.79,0.56,2.035003,3.646305
shoc-1.1.5-Stencil2D-CopyRect,default,8,2,2,0,0,0,71647488,0,7164748.8,0,0.0,4,CPU,17.328426,2.77,0.36,17.328426,48.005295
shoc-1.1.5-Stencil2D-StencilKernel,default,144,7,16,12,3,0,71647488,256,447796.8,0.188,192.0,9,CPU,17.86673,2.69,0.37,17.866730,48.047807
shoc-1.1.5-Triad-Triad,default,2,0,3,0,3,0,117440512,128,23488102.4,1,0.0,0.667,CPU,876.45718,3.63,0.28,876.457180,3184.516221
